0	1.581816	1.9685228	2.2774546	2.2101181	2.1845361	2.2552725	2.2653252	2.0437434	1.8660479	1.6269704	1.3560257	1.1869862	0.45683397	0.37150559	0.45784475	0.5928301	0.26432594	0.061169775	0.061094426	-0.34083662	-0.25132911	-0.32446378	-0.44289803	-0.44896824	-0.55453983	-0.63334223	-0.65257282	-0.793338	-0.82184757	-0.80497854	-0.90979479	-0.91592197	-0.85854447	-0.85230886	-0.83431878	-0.79777074	-0.70981249	-0.75654737	-0.9709563	-0.93698115	-0.86882872	-0.87098811	-0.68968506	-0.94001166	-0.81739094	-0.6539971	-0.65702577	-0.76934939	-0.70675074	-0.70257529	-0.77446762	-0.78117921	-0.74380784	-0.68450067	-0.73224634	-0.69326507	-0.60260159	-0.5630745	-0.46911588	-0.40667896	-0.26677018	-0.25554315	-0.24940679	-0.26057501	-0.11765962	-0.24085557	-0.13212483	-0.21069567	-0.2576272	-0.54973586	-0.2406626	-0.39921755	-0.98452099	-0.48101371	2.8128015	2.7671693	2.8642043	1.8737298	3.6258929	1.9816997	0.3002914	0.5617899	0.6364775	0.59887641	0.51101189	0.48232405	0.46727259	0.57972669	0.65796121	0.65165761	0.59407979	0.50976219	0.44841691	0.35299909	0.2882539	0.33373909	0.35487363	0.2954764	0.30299294	0.32478908	0.28555236	0.4334022	0.65408349	0.8088434	0.99214413	1.4302722	1.6723269	1.9217696	2.3032938	2.4648352	2.602761	2.6446992	2.3570123	2.2346342	2.0965246	1.6277606	1.3849157	1.0999119	0.71699088	0.58193203	0.23468246	0.027156041	0.045532058	0.077625307	-0.16433386	-0.3865111	-0.37959	-0.39458633	-0.33374828	-0.58068968	-0.57193263	-0.56773513	-0.64424214	-0.60778047	-0.60114791	-0.75228371	-0.54784294	-0.57305184	-0.67181627	-0.68172929	-0.74403022	-0.78257777	-0.79166562	-0.79182734	-0.91383425	-0.92957672	-0.86867067	-0.852364	-0.85255329	-0.87780446	-0.84699399	-0.84597953	-0.93549255	-0.94573453	-0.88867312	-0.77963731	-0.7867863	-0.73260103	-0.71098867	-0.75072527	-0.67046182	-0.64778539	-0.69033196	-0.54383657	-0.38888919	-0.44896456	-0.75473899	-0.57233878	-0.38461818	-0.3781988	-0.28191721	-0.061406843	-0.48738898	-0.6961945	-0.54614115	-0.51282393	-0.56366443	-0.8649271	-0.96494857	-0.99058017	-0.45487488	-0.30772523	-0.15404042	0.10605585	0.29523749	0.41171633	0.49364481	0.75098992	0.73505632	0.59696511	0.44165386	0.39787781	0.57362524	0.45703612	0.20766701	0.13577284	0.13239131	-0.051396425	-0.0065985656	0.016037439	-0.020924104	-0.01632964	-0.12153367	-0.20015965	-0.10526192	-0.052840925	0.073122732	0.27858715	0.62993499	0.89762682	1.1448457	1.6545004	1.8716164	2.0839909	2.3627646	2.3711081	2.2962184	2.0815466	1.6619618	1.4019152	1.013297	0.45710964	0.27351486	0.068381245	-0.41107862	-0.36304809	-0.29235032	-0.46636472	-0.67120061	-0.5822812	-0.61242088	-0.80887464	-0.82387465	-0.85864371	-0.87659887	-0.87140897	-0.87087601	-0.84989585	-0.85909948	-0.87386241	-0.9015707	-0.93982605	-0.95788229	-0.88303296	-0.88451605	-0.94567756	-0.98220354	-0.95968699	-0.90067203	-0.87327248	-0.87306849	-0.88470167	-0.88566099	-0.89022054	-0.92390347	-0.98297357	-1.0146809	-0.99892188	-0.92623379	-0.76265617	-0.74836923	-0.70692716	-0.65554636	-0.66810946	-0.62229898	-0.61421272	-0.45425922	-0.41588442	-0.52549179	-0.54477567	-0.74340353	-0.51204471	-0.22335618	-0.32310199	-0.13158452	-0.16675238	-0.40436335
0	-0.078699796	-0.057650133	0.021970325	0.039666423	-0.091992026	-0.45076675	-0.68400616	-0.77404467	-0.87123702	-0.79709689	-0.42958416	0.0015155439	0.21625043	0.63888233	0.87679582	0.89647267	0.83151507	0.73446	0.70709108	0.67473213	0.62751638	0.72537335	0.7351573	0.59676122	0.47929277	0.57657882	0.66996	0.66129172	0.73234632	0.87500899	1.1995573	1.643605	1.9306517	2.4256675	2.9900425	3.212829	3.1792715	2.8346106	2.3938315	2.180611	1.6459801	1.2638394	1.1667843	0.86736051	0.60965468	0.35939031	0.21851011	-0.10837851	-0.45927595	-0.52169496	-0.51631051	-0.50691007	-0.54006002	-0.64256055	-0.68014923	-0.66318312	-0.66839106	-0.64491175	-0.61421324	-0.62367687	-0.66358189	-0.64657219	-0.66929972	-0.74646657	-0.66455156	-0.65617746	-0.63134932	-0.57806491	-0.57465033	-0.56987602	-0.55775612	-0.46575864	-0.46401322	-0.44705364	-0.37588355	-0.38053365	-0.37849624	-0.32596142	-0.28620676	-0.30172816	-0.23399444	-0.12198235	-0.10830225	-0.036929508	-0.067880792	-0.30393554	-0.37809529	-0.54048276	-0.71348005	-0.78175199	-0.81282094	-0.48899825	-0.25236387	0.24510546	0.59019355	0.77115527	0.82713517	0.79909075	0.73737993	0.67704193	0.51203523	0.41728125	0.36520185	0.4300919	0.45398523	0.30287437	0.22546347	0.02271774	-0.072345674	-0.26859782	-0.56446325	-0.098775421	0.14430024	0.7890671	1.5784294	2.2913506	2.6515046	3.0194379	2.671857	2.3320553	1.6674874	1.2909904	1.0719301	0.64926117	0.44546295	0.070083839	-0.032068038	-0.24108291	-0.13695681	-0.17730199	-0.28765365	-0.51536045	-0.58815393	-0.74503493	-0.7747289	-0.65534506	-0.71711253	-0.7616001	-0.81406954	-0.794068	-0.79908636	-0.85084108	-0.8392812	-0.77508408	-0.82211897	-0.78251466	-0.79645843	-0.83864491	-0.85283055	-0.88081397	-0.82838593	-0.874048	-0.8657567	-0.84441069	-0.80087973	-0.81100143	-0.81584547	-0.79313537	-0.82608267	-0.82428277	-0.66621418	-0.50896056	-0.47255729	-0.458522	-0.33647754	-0.42604538	-0.42025563	-0.47514382	-0.61873913	-0.67803555	-0.95231963	-1.0760529	-1.0483854	-0.73549503	-0.23686208	0.17944839	0.40026937	0.59732777	0.67880696	0.69079176	0.62386647	0.50549371	0.447289	0.27497812	0.19999904	0.088773586	0.10354539	0.092046526	0.60206939	0.50270452	0.068351491	-0.004202294	0.028808197	0.14629626	0.41196435	0.94210207	1.2693742	1.7965963	2.5047018	2.7862573	3.162057	3.0526903	2.8454405	2.3519501	1.8326379	1.361984	1.1625788	0.93565207	0.45405714	0.26971788	-0.065377059	-0.29116411	-0.41197087	-0.63122947	-0.85870311	-1.0083736	-1.0152594	-0.98030086	-1.0812499	-1.0876868	-1.0334327	-1.1388663	-1.1561723	-1.1962604	-1.2041638	-1.1652219	-1.1694253	-1.1670458	-1.1419518	-1.0918554	-1.0575549	-1.0959651	-1.0716555	-1.0738694	-1.149402	-1.0524188	-1.0904172	-1.1611972	-1.0346269	-0.91930914	-0.83531968	-0.81767152	-0.79209814	-0.75003586	-0.58038778	-0.38992102	-0.43385075	-0.43345852	-0.50244519	-0.59960704	-0.70868177	-0.81791121	-0.9727548	-1.2141722	-1.3681224	-1.3724587	-1.2641946	-0.93051383	-0.48037355	-0.26614857	0.039877791	0.30681192	0.40921439	0.31132256	0.2984596	0.20258994	0.26354026	0.093491238	0.021623855	0.0016070642	-0.17341892	-0.17647177	-0.10004581	0.049977707	0.016938889	0.053268079	0.18231602
1	0.85081591	0.91036739	0.89604654	0.84790813	0.67428126	0.42083564	0.10901474	-0.24149717	-0.40113612	-0.64294187	-0.76753182	-0.7752549	-0.71460573	-0.67776553	-0.61814572	-0.59356329	-0.60311537	-0.63421851	-0.65354948	-0.69072117	-0.71063079	-0.71853706	-0.72705979	-0.73110016	-0.72385104	-0.69956666	-0.66612566	-0.62647798	-0.58612662	-0.56927309	-0.54619834	-0.53065041	-0.52745039	-0.54515009	-0.55919615	-0.59466243	-0.6302392	-0.66910468	-0.70513798	-0.72199878	-0.75997884	-0.80199927	-0.83958096	-0.86930145	-0.88445975	-0.91877163	-0.96028029	-1.0091049	-1.0740765	-1.1142898	-1.2086838	-1.3203574	-1.4493453	-1.5734497	-1.6168106	-1.6446352	-1.5998655	-1.4962581	-1.3407686	-1.2466319	-1.0395655	-0.82314615	-0.60951977	-0.40698659	-0.23111055	-0.15387246	-0.014119857	0.10795049	0.19836668	0.24542921	0.25890098	0.27511335	0.29246993	0.33474625	0.43193175	0.50515565	0.68291012	0.8545815	0.97797344	1.0497522	1.0690162	1.0900395	1.1258489	1.2239722	1.3538631	1.3939178	1.352162	1.1223451	0.74206468	0.25424852	-0.0022284618	-0.43259402	-0.64339985	-0.60842499	-0.49975226	-0.44987936	-0.36717463	-0.30024319	-0.26585715	-0.26211337	-0.26767743	-0.27067826	-0.28046733	-0.28849136	-0.28843466	-0.2802914	-0.27324584	-0.26266004	-0.25544873	-0.23970742	-0.22190304	-0.21626339	-0.2146612	-0.22729408	-0.24770384	-0.26768033	-0.27645749	-0.29515892	-0.31670998	-0.33180721	-0.34200046	-0.3476721	-0.35887871	-0.35958239	-0.35703953	-0.36361549	-0.36966951	-0.38543407	-0.41368032	-0.45746141	-0.51645459	-0.55092641	-0.63885498	-0.76088316	-0.90274827	-1.0103669	-1.0355047	-1.0134027	-0.90475028	-0.72633865	-0.53820775	-0.32877875	-0.23966381	-0.084180075	0.028547555	0.09208997	0.13414529	0.13702255	0.12340974	0.10016199	0.088500307	0.10191247	0.11848831	0.17754547	0.26929923	0.38716783	0.51905341	0.58435213	0.70650245	0.81673665	0.92612759	1.0610489	1.1395446	1.3328834	1.5457479	1.7170166	1.7950906	1.7828925	1.6513878	1.3920568	1.0067605	0.5242758	0.28605971	-0.10456802	-0.26743026	-0.22219673	-0.12546193	-0.081529628	-0.022815593	-0.0034977108	-0.0063618809	-0.027899859	-0.079595949	-0.11293663	-0.17400452	-0.22373349	-0.29405687	-0.35643035	-0.3776572	-0.39637898	-0.41171465	-0.44652522	-0.50526397	-0.54351737	-0.62885219	-0.71134174	-0.77199382	-0.79398396	-0.79029252	-0.75672067	-0.70527028	-0.66173635	-0.63242004	-0.61990784	-0.59821429	-0.58449099	-0.59518147	-0.62513895	-0.64861642	-0.7069001	-0.780912	-0.87145903	-0.98000236	-1.0420007	-1.1766051	-1.3004012	-1.3907025	-1.4146991	-1.3586064	-1.300202	-1.1577147	-0.94117759	-0.72911123	-0.54095851	-0.45916392	-0.30638879	-0.15981016	-0.015941585	0.10671178	0.14767086	0.19561445	0.18613798	0.19248858	0.24662867	0.29827823	0.45352789	0.6653529	0.91683722	1.2012188	1.353296	1.642679	1.8409755	1.9417303	2.2469317	2.499691	2.9858149	3.4350389	3.7833627	3.9324304	3.9015497	3.6626314	3.2459164	2.7066237	2.2052485	2.211413	2.0977477	1.7375455	1.1447059	0.64178383	0.58374877	0.69673228	0.90696528	0.89619193	0.782512	0.67762521	0.63476443	0.45751446	0.23057769	0.13800683	0.10518373	0.082558244	0.017880339	-0.035000675	-0.098496565	-0.16226288	-0.19117646	-0.23821137
1	-1.1810431	-1.1719249	-1.022958	-1.064345	-1.071523	-1.1622196	-1.1115697	-1.1134589	-1.1010049	-1.0764586	-1.0421431	-0.9870682	-0.84601101	-0.73295932	-0.64956402	-0.71564203	-0.66237115	-0.62577934	-0.60105859	-0.62237545	-0.56370089	-0.54957475	-0.48090128	-0.47588054	-0.44520298	-0.53144904	-0.53391686	-0.38359258	-0.37469991	-0.32202472	-0.38372022	-0.37252993	-0.37972065	-0.28909208	-0.33219384	-0.4352466	-0.308707	-0.40912175	-0.39154917	-0.3487027	-0.55365942	-0.45137253	-0.52757711	-0.30309058	-0.46235008	-0.600548	-0.46252027	-0.5788482	-0.43618267	-0.41967381	-0.40861117	-0.78661313	-0.7289172	-0.98732349	-1.1154034	-0.98350688	-0.49055981	0.69110053	1.367964	1.5394775	2.0209577	2.4086182	2.6468905	2.3015233	2.3103309	2.1270314	1.9185432	1.7844725	1.8807175	2.3526242	2.5965555	2.9624737	3.4107234	3.4819498	3.2190844	3.0618672	2.564176	1.6201923	0.71960811	0.17396457	-0.037714823	-0.17489158	-0.29168755	-0.50013325	-0.48473065	-0.41618482	-0.37244484	-0.21318534	-0.34249061	-0.42499239	-0.46694533	-0.3009206	-0.36023338	-0.67539103	-0.24113979	-0.25752101	-0.31930161	-0.49826111	-0.32432234	-0.27598711	-0.5232797	-0.48983649	-0.26135038	-0.21999312	-0.41001527	-0.31594027	-0.55327648	-0.5049838	-0.37070034	-0.25003245	-0.17761469	-0.03005607	-0.30479253	-0.45481897	-0.46847708	-0.34189493	-0.36678587	-0.37112583	-0.19212377	-0.37325326	-0.3333001	-0.28649662	-0.10136756	-0.17574255	-0.057457383	-0.1603825	-0.17701901	-0.18476286	-0.23041753	-0.21620629	-0.2206739	-0.23033244	-0.2591804	-0.19497453	-0.18591167	-0.20956871	-0.23497024	-0.41665286	-0.30530311	-0.56706224	-0.52059914	-0.40018654	-0.58106073	-0.76627489	-1.0441599	-0.55689312	-0.81482287	-0.93616728	-0.75533989	-0.65045754	-0.6516489	-0.44711767	-0.35946751	-0.51136609	-0.69100637	-0.42107791	-0.66454113	-0.66985971	-0.55459549	-0.56506245	-0.97391642	-0.6933891	-0.60025016	-0.61199358	-0.66879599	-0.78554941	-1.0360204	-1.045964	-1.0262342	-1.0767011	-0.95506313	-0.77027446	-0.73453361	-0.83643757	-0.93720121	-0.82235397	-0.80805763	-1.0561331	-0.78678332	-0.74410705	-0.56348815	-0.28270979	0.028278091	0.45359412	0.96758148	1.2866962	1.3633688	1.8144267	2.1043105	2.2813979	2.1812384	2.0695908	1.9525821	1.9285847	1.9580283	2.3221169	2.472271	2.765899	2.7887476	2.7093093	2.6879074	2.3296905	1.6936737	1.3559228	0.69552559	0.41185392	0.22761839	0.019853464	-0.050266666	0.23093718	-0.071413332	0.029001418	-0.047756297	-0.051968611	0.16264664	0.15524318	0.16124254	0.19477085	0.18136804	0.14818011	0.33688325	0.24514842	0.20600369	0.20298274	0.22787368	0.23144776	0.24195727	0.17315615	0.17132656	0.14277643	0.11422631	-0.077114847	-0.1201315	-0.10460126	-0.13723605	-0.19876136	-0.11362157	-0.32355647	-0.38384787	-0.31666359	-0.13225786	-0.10830299	-0.02575866	0.051807479	0.15400927	0.20898209	0.11801314	0.17256047	0.12677815	0.065252844	0.039978962	0.086059121	-0.060095398	-0.087369065	-0.01618522	0.0087908219	-0.15080906	-0.25807414	-0.22535425	-0.31602536	-0.34653273	-0.27300871	-0.38065672	-0.34789428	-0.3286623	-0.28062491	-0.3133448	-0.28492232	-0.46217988	-0.3303217	-0.33185345	-0.5435754	-0.50791965	-0.54259678	-0.58118838	-0.61020654	-0.52362009
1	-0.18375601	-0.1361963	-0.1227138	-0.12381389	-0.12061595	-0.12673041	-0.15520483	-0.18521427	-0.20151095	-0.21041401	-0.21647729	-0.33137275	-0.27931035	-0.2235895	-0.25175693	-0.28990191	-0.35915642	-0.43723723	-0.48605053	-0.40589746	-0.41945671	-0.51137819	-0.52834004	-0.62427813	-0.64735444	-0.69325123	-0.75147925	-0.711262	-0.72656093	-0.67557303	-0.55553529	-0.53169148	-0.75754254	-1.0138993	-0.87961416	-0.83239983	-0.69573282	-0.49390467	-0.40126685	-0.16835475	0.2726023	0.57282456	0.90883813	0.99241939	1.0738516	0.84644	0.81036727	0.73057237	0.65962935	0.67958447	0.67646328	0.62335196	0.58026936	0.48947355	0.5380566	0.59347044	0.76999652	0.93567521	1.3232139	1.4695771	1.7561633	2.188422	2.2682425	2.2295347	2.0723241	1.9164183	1.503424	1.1028633	0.89998624	0.6637227	0.52569977	0.34917369	0.18346942	0.058059146	-0.058601571	-0.094699877	-0.12033453	-0.098767652	-0.089915764	-0.085668905	-0.087664417	-0.081908131	-0.062362345	-0.08006612	0.021014252	0.042350883	0.095308709	0.13803314	0.11316599	0.12160854	0.11260315	0.10142316	0.083898472	-0.0095580198	-0.0056437458	-0.0088160986	-0.031994741	-0.076279764	-0.05565947	-0.10429369	-0.18421651	-0.20074345	-0.23476949	-0.25805046	-0.36539879	-0.39369413	-0.40817439	-0.44253302	-0.45552943	-0.51964166	-0.5597054	-0.51452496	-0.46468832	-0.54246213	-0.54957434	-0.7813096	-0.75242584	-0.54138762	-0.48303168	-0.61995452	-0.56651061	-0.64888945	-0.80031813	-0.70061927	-0.51948816	-0.35685391	-0.3511232	-0.13614513	0.14875262	0.58886541	0.86831388	1.0491636	1.3335497	1.6282459	1.6736822	1.705508	1.8270296	1.5659757	1.4581157	1.3006237	1.3195299	1.2700514	1.1678966	1.071191	0.93531704	0.91873894	1.1461506	1.1196461	1.2551107	1.5577634	1.9703739	2.3441743	2.5238727	2.8868769	3.1160794	3.205289	3.1044645	3.0025654	2.5559288	2.0547994	1.5658478	1.039493	0.91612942	0.54621773	0.17663863	-0.24052577	-0.29885613	-0.34613442	-0.39609898	-0.47801732	-0.54440648	-0.51109677	-0.47932208	-0.42505949	-0.46215555	-0.47950116	-0.49231849	-0.46711875	-0.51155727	-0.40011559	-0.4076883	-0.41968696	-0.53453125	-0.50787325	-0.48374802	-0.50447065	-0.45992979	-0.51744148	-0.57093656	-0.68099673	-0.66513497	-0.61540066	-0.69519557	-0.71335985	-0.68117582	-0.72730285	-0.74295995	-0.79126158	-0.84038188	-0.80116239	-0.6591996	-0.71939755	-0.48863447	-0.66406046	-0.65062913	-0.5623405	-0.50669641	-0.58137462	-0.56277542	-0.54890917	-0.20000152	0.0002404571	0.028152045	0.14386617	0.53808218	0.80115722	1.0239383	0.79468459	0.96092612	0.9911658	0.8712304	0.62585914	0.29654845	0.37511535	0.32136443	0.038411025	-0.12847008	-0.2181658	-0.045528408	0.061615251	0.23195013	1.0032156	1.1174203	1.3481322	1.1598889	0.92257646	0.91385249	0.6896132	0.3517832	0.17520595	-0.21496787	-0.75907755	-1.1746097	-1.3132211	-1.3970147	-1.4989521	-1.5040944	-1.5299209	-1.507671	-1.4980746	-1.4884629	-1.4537691	-1.4558107	-1.3351768	-1.2915749	-1.4332972	-1.405887	-1.4035871	-1.3183659	-1.3442257	-1.3486875	-1.309317	-1.2038158	-1.3668031	-1.3483958	-1.363137	-1.4960995	-1.4702679	-1.4781757	-1.3039087	-1.2492086	-1.0743429	-1.4781476	-1.479657	-1.5972925	-1.6729326	-1.8307035
1	1.1707382	1.0821854	0.91513785	0.8345364	0.72949173	0.49910479	0.51435065	0.35230956	0.29510927	0.13608111	0.041525049	0.014431363	-0.14568417	-0.035836939	0.23249476	0.33704105	0.437555	0.5981236	0.68178329	0.83426456	0.91654237	0.96470389	0.88009276	0.78062087	0.72278627	0.52415965	0.29649113	0.056997447	-0.065399866	-0.1752335	-0.28576034	-0.48204911	-0.68752164	-0.79873488	-0.80565555	-0.89558348	-1.0242241	-1.0994861	-1.0945499	-1.1102488	-1.0990716	-1.1061531	-1.164366	-1.1503842	-1.0845733	-1.1581544	-1.1106385	-1.203081	-1.1941169	-1.1995697	-1.185529	-1.2295653	-1.3389504	-1.3565816	-1.4372125	-1.4462309	-1.4069451	-1.4259764	-1.5104176	-1.5503151	-1.5701574	-1.6375971	-1.5780907	-1.5754402	-1.5540529	-1.4976636	-1.4240032	-1.364789	-1.3159185	-1.3354164	-1.3013998	-1.1728475	-1.0790843	-0.89304175	-0.57949576	-0.43371995	-0.070361001	0.32999578	0.70044984	0.9663123	1.0651272	1.242165	1.263414	1.2737214	1.1851459	1.1496478	1.130211	0.94748717	0.80739741	0.70803879	0.64920743	0.51831503	0.43361328	0.32326767	0.29336494	0.30618687	0.30265291	0.41546776	0.60254105	0.74967608	1.0374672	1.1616542	1.4682704	1.6654019	1.8257666	1.9779987	2.044419	2.1271499	2.1830816	2.108438	2.0293544	1.933054	1.7394565	1.519241	1.2175632	0.96397898	0.82121609	0.64295504	0.51111119	0.37965244	0.32816084	0.29080508	0.17094497	-0.01751019	-0.13503698	-0.18960267	-0.22418563	-0.28320275	-0.30282755	-0.29155286	-0.25364209	-0.25911972	-0.26508894	-0.24422952	-0.19769226	-0.21770217	-0.20704593	-0.2537395	-0.21994714	-0.2480104	-0.31023527	-0.51011916	-0.54694483	-0.51414924	-0.58267633	-0.74292325	-0.79897501	-0.77346254	-0.74368441	-0.78441555	-0.86918979	-0.95432876	-0.98051857	-1.1072472	-0.95876659	-1.0465583	-0.99990777	-0.98252341	-0.94875598	-1.0292645	-0.98607322	-0.84715239	-0.83108873	-0.71686257	-0.67098679	-0.71568005	-0.6011911	-0.55858877	-0.23535838	0.0032631465	0.311737	0.70257928	0.90023179	1.1339262	1.2537863	1.3669183	1.4109568	1.4076494	1.4179341	1.3132066	1.1983076	1.1431009	0.92569442	0.81940381	0.65462164	0.4125681	0.47110496	0.44238021	0.45445457	0.52098815	0.75669869	0.92750671	1.2088189	1.2947213	1.421151	1.5025226	1.5613766	1.4743869	1.3971608	1.1737738	0.82420637	0.58532433	0.44661643	0.44170061	0.17647245	-0.093445002	-0.33125553	-0.61103635	-0.70309598	-0.8645526	-0.8389903	-0.90049252	-1.0049459	-0.99284891	-0.95809378	-0.93583437	-0.94066865	-0.92757714	-0.94322397	-0.94625049	-1.0032967	-0.99611782	-0.97221376	-1.0704488	-0.83848966	-0.86192479	-1.0280435	-1.0652158	-1.0917205	-1.1020075	-1.1690983	-1.1755206	-1.3624172	-1.3877462	-1.300215	-1.0907011	-1.0871875	-1.0492201	-1.2112363	-1.1776999	-1.170974	-1.2152459	-1.1193148	-1.0188733	-1.0294458	-0.99093921	-0.78699353	-0.53738049	-0.29331757	-0.19280362	0.14312637	0.43988832	0.83254289	1.0018105	0.95530266	1.10536	1.2464239	1.3606206	1.305142	1.1966539	1.0772469	0.90829647	1.1026869	0.8370736	0.84740364	0.95272015	1.0700431	1.1852139	1.4157141	1.2091361	1.3458731	1.3661254	1.4028922	1.1806832	0.6097902	0.83202185	0.24651733
0	-1.4943981	-1.6235623	-1.2835501	-1.2221271	-1.1546298	-1.0710319	-1.0151358	-0.92858267	-1.2620189	-1.3455549	-1.3207775	-1.3981509	-1.3622225	-1.1913933	-1.1236016	-1.2193207	-1.5315087	-1.6630119	-1.6526135	-1.7768786	-1.7496499	-1.5281238	-1.5622196	-1.5354674	-1.4525637	-1.5489277	-1.5360584	-1.7784753	-2.0257959	-2.008464	-1.9029775	-1.7990558	-1.6771217	-1.5106602	-1.2806291	-1.1371066	-0.97437697	-0.84143845	-0.73294174	-0.618838	-0.45819541	-0.32858216	-0.36310858	-0.36272142	-0.30602349	-0.11534125	-0.21051514	-0.22895931	-0.2416888	-0.26258426	-0.23780226	-0.2109653	-0.20435142	-0.17927847	-0.16822823	-0.19944886	-0.19287851	-0.12676835	-0.10628984	-0.18326009	-0.048106253	0.095945506	0.17187797	0.24112096	0.348061	0.48457678	0.59921431	0.7337599	0.93215338	1.1468124	1.3316321	1.5299454	1.7610074	1.9597101	2.1170733	2.2343339	2.3167955	2.3670124	2.3116524	2.2020778	2.0793991	1.8834569	1.5907808	1.2460778	0.95583001	0.70825053	0.41423416	0.14817843	-0.0060690586	-0.075024536	-0.073607603	-0.073466712	-0.11238024	-0.20045801	-0.26600002	-0.27093236	-0.2784145	-0.31395465	-0.38460197	-0.40989256	-0.35978217	-0.324108	-0.34127957	-0.34473428	-0.30257452	-0.28280161	-0.30377496	-0.34944899	-0.39651474	-0.40287548	-0.38459624	-0.38135116	-0.35111448	-0.3342602	-0.34079619	-0.34341013	-0.30632017	-0.23907486	-0.2127946	-0.22865004	-0.27576505	-0.35619917	-0.44531015	-0.47886407	-0.42307564	-0.3823878	-0.44330674	-0.54019537	-0.61128942	-0.66068619	-0.67214307	-0.66972157	-0.69428708	-0.68168589	-0.67348211	-0.66775253	-0.66570216	-0.69617251	-0.6625636	-0.67382346	-0.76039838	-0.73311928	-0.62671188	-0.5537725	-0.60724137	-0.69233064	-0.71835432	-0.90897356	-1.0420724	-1.0615315	-1.0444355	-0.94115179	-0.80915026	-0.69412786	-0.55195466	-0.36491726	-0.14447141	0.03322018	0.11823614	0.18374493	0.23883004	0.29690481	0.3500541	0.49659265	0.51466799	0.4879788	0.49669574	0.51545836	0.52684422	0.52285802	0.55326995	0.55740506	0.51155234	0.5807266	0.54459883	0.53887153	0.55960434	0.51890619	0.51028088	0.55782888	0.57443803	0.67656714	0.70313033	0.75571835	0.89525815	0.96276004	1.0259092	1.1797787	1.3610934	1.5642519	1.802095	2.0296977	2.2029827	2.3779057	2.5532296	2.6994475	2.8461349	2.8149097	2.8376356	2.8021722	2.6788521	2.4724863	2.2461665	1.9270073	1.6515588	1.4293398	1.1716345	0.91285239	0.77928044	0.68434481	0.53938699	0.38286004	0.30837085	0.28636659	0.29443062	0.25963158	0.20516501	0.18053764	0.15626537	0.18485602	0.32089072	0.16304649	0.071890871	0.14406623	0.18151128	0.18216419	0.17672326	0.13886585	0.15676937	0.16207285	0.15385991	0.14743388	0.15483355	0.1877884	0.19626479	0.15453573	0.15807519	0.19298878	0.15194699	0.11138629	0.072944693	0.033231634	0.07163887	0.091340762	0.037630196	0.013790907	0.035247642	0.030642897	-0.00047921946	-0.013895979	-0.02615697	-0.060471481	-0.090396594	-0.11658636	-0.12527009	-0.14898338	-0.20502152	-0.15641053	-0.1345483	-0.18565982	-0.24687315	-0.2404013	-0.23559725	-0.22096401	-0.18977202	-0.26554412	-0.31055837	-0.31556746	-0.4207916	-0.56422939	-0.70260197	-0.73476989	-0.6829814	-0.6023789	-0.50072859	-0.3569632	-0.18133686
1	0.31586419	0.19122531	0.00066171839	-0.052294794	-0.045021191	-0.099727811	-0.022813137	0.091922471	0.086398975	0.11116465	0.14169397	0.1521706	0.14481594	0.12455312	0.069438242	0.072530199	0.10858301	0.096995681	0.12221164	0.17165293	0.18474121	0.17072234	0.25039276	0.28314348	0.23106052	0.22445634	0.18960429	-0.012045323	-0.0255989	-0.035448133	-0.085835019	-0.077507749	-0.044000545	0.028312216	-0.033106651	-0.20263293	-0.34705132	-0.32879677	-0.37662004	-0.43952484	-0.49044607	-0.50318613	-0.47662232	-0.41820535	-0.39480855	-0.44675942	-0.44676543	-0.40160485	-0.5039246	-0.51536184	-0.58422541	-0.61693111	-0.65529239	-0.72881191	-0.78842964	-0.70195091	-0.64040897	-0.66616227	-0.81858072	-0.87595603	-0.83598273	-0.79075011	-0.76056901	-0.76605948	-0.6529449	-0.60677268	-0.37938178	-0.13819115	0.024980108	0.14625686	0.16709004	0.17678617	0.2921792	0.71169468	0.89496066	0.83654369	1.0841404	1.0970485	1.2023552	1.208359	1.1158404	1.09942	1.1075852	1.1280882	1.3701914	1.6525801	1.4702747	0.94716369	1.3590844	1.5082187	1.5238286	1.6045797	1.9943164	2.4439109	2.7371965	2.8697604	2.951292	2.7512153	2.1687567	1.33633	1.2017848	1.1475405	0.75621285	0.52371572	0.41204505	0.3255303	0.29851321	0.4220714	0.52179451	0.57132585	0.66372432	0.69347315	0.66063237	0.61242186	0.56544213	0.53908545	0.50201199	0.44494587	0.37758324	0.2940704	0.26552233	0.2204338	0.042991506	0.0071518255	-0.18050293	-0.31907062	-0.26625519	-0.18327068	-0.28010896	-0.29905995	-0.4329777	-0.54603525	-0.69383078	-0.82686897	-0.82073308	-0.88002961	-0.90139413	-0.85949962	-0.96188841	-1.0224367	-0.99925606	-1.0083698	-0.99706167	-0.93541166	-0.96473121	-0.95708837	-0.75939227	-0.64595348	-0.74860344	-0.40040109	-0.41049347	-0.11792833	0.017925643	0.10206889	0.28389396	0.25744722	-0.013417191	-0.068393982	0.21160821	0.49522769	1.0220011	1.2397889	1.2079687	1.5380276	1.3921953	1.3403225	1.4057939	1.4024018	1.5035358	1.3106337	1.3930959	1.4053737	1.3082022	1.1123883	1.3133054	1.7616691	2.1808544	2.4496745	2.7107197	2.8772651	2.6423064	2.2456054	1.6004371	1.1681035	0.23682417	0.12155122	-0.25802699	-0.5244726	-0.68514928	-0.71376039	-0.85719115	-0.70772357	-0.86729555	-0.90427895	-0.95157088	-0.98923271	-1.0368518	-1.0527709	-0.97744125	-0.80139485	-0.82655076	-0.91088313	-0.93545668	-0.92697632	-0.9662952	-1.0684288	-1.0435221	-1.0527499	-1.0917746	-1.1105455	-1.0947375	-1.1086213	-1.1624423	-1.1332428	-1.1525	-1.2482336	-1.2091759	-1.3069418	-1.3428415	-1.4344415	-1.5866858	-1.5868149	-1.6372408	-1.5995009	-1.5622623	-1.6599982	-1.634416	-1.400472	-1.4351739	-1.4397608	-1.473208	-1.4407514	-1.4148511	-1.2016321	-1.0387941	-0.91897025	-0.95863735	-0.96682353	-0.89578958	-0.85080311	-0.92621984	-1.3117448	-1.5244234	-1.0167391	-0.91224299	-0.55334787	0.1588048	0.52365568	0.85371455	0.87727947	0.96910758	0.71766846	0.65258728	0.67837359	0.68047492	0.78434065	0.73138714	0.67345048	0.48478108	0.4453061	0.426184	0.44206405	0.30478718	0.25477553	0.041490556	-0.23754202	-0.42860093	-0.22397044	-0.60766725	-0.3666147	-0.97816171	-1.229808	-0.85532998	-0.55156475	-0.55956781	-0.090148749	-0.71143992
1	-0.76263153	-0.56544773	-0.36834927	-0.41127654	-0.42791832	-0.34436803	-0.21631164	-0.019469208	0.099028827	0.21774022	0.34084675	0.36004881	0.39930635	0.38347532	0.41710025	0.38236586	0.4869104	0.71878593	0.77686148	0.99725844	1.0377961	1.0785045	1.0900257	1.2130469	0.59563673	0.82627478	0.82486663	1.0302006	1.1804461	1.2287926	1.3404632	1.1405911	0.96943679	0.85439513	0.77093018	0.75454442	0.85879027	0.79887984	0.77498395	0.82542136	0.60045858	0.23344323	-0.12768347	-0.21183116	0.045988475	0.42354361	0.35121586	0.28456338	0.097321978	0.26437988	0.17566638	0.45738191	0.45891807	0.442703	0.58851063	0.66344133	0.70756339	1.0101452	1.4525179	1.6295182	1.5287287	0.7987945	-0.89568046	-0.45591066	-1.0961073	-1.2110636	-1.5498306	-1.4845863	-1.5608824	-1.7294765	-1.6549725	-1.5456488	-1.3915203	-1.3891307	-1.2833487	-1.1875517	-1.1949765	-1.2386719	-1.2714434	-1.2192138	-1.2402934	-1.2135385	-1.2253585	-1.2412322	-1.1891733	-1.1399733	-1.1541402	-1.0741316	-1.0890665	-1.0903467	-1.0889385	-1.0492116	-1.0955526	-1.0645306	-1.1986463	-1.1656614	-1.08433	-1.2024013	-1.1751344	-1.0231821	-0.96489321	-0.98887445	-1.03449	-1.2484009	-1.1162054	-0.87976409	-0.94509376	-0.96442383	-0.92435554	-0.897558	-0.74415489	-0.7025931	-0.62548617	-0.5269156	-0.51377286	-0.61447699	-0.62104836	-0.54889129	-0.43060661	-0.45736148	-0.35332899	-0.24042089	-0.31159652	-0.29162638	-0.14944581	-0.17005602	-0.084244151	0.014667785	0.079400056	0.18146966	0.18496871	0.14933822	0.20869392	0.34682072	0.32915483	0.55236809	0.66745242	0.67423715	0.6056218	0.74588216	0.95509926	0.90892897	0.89971199	0.90120548	0.43911861	0.29796215	0.31392119	0.33167243	0.17805596	0.28494742	0.24351365	-0.019767907	-0.11432738	-0.11402868	-0.010124206	0.008011071	-0.031715854	0.090409237	0.39482587	0.3901747	0.29407907	0.3413588	0.31473195	0.3475888	0.36192634	0.39252162	0.34208421	0.49540198	0.52689336	0.54575404	0.60109864	0.51456137	0.52241288	0.85691273	0.7309899	0.91908473	1.0989867	1.0194048	1.0467144	0.76354806	0.61232118	0.54037747	0.54212699	0.44321505	0.47799211	0.73820134	0.77464258	0.93585453	0.98509714	1.2639537	1.2784619	1.3034673	1.0183807	1.018338	1.1518563	1.2212825	1.1756669	1.2447943	1.2662153	1.2613081	1.3149032	1.1868041	0.7378173	0.37413032	-0.5362606	-1.2742597	-1.5239718	-1.8412752	-1.9352799	-2.1629736	-2.0987534	-2.0699503	-2.1729502	-2.1296901	-2.0318876	-1.9907525	-1.8998201	-1.7794019	-1.7819195	-1.7782497	-1.6570634	-1.51356	-1.721497	-1.5779509	-1.5077141	-1.4007799	-1.2871891	-1.2342768	-1.1608396	-1.0976434	-1.059026	-0.96604534	-0.91722944	-0.78891702	-0.72631831	-0.67720371	-0.51966149	-0.49563758	-0.29282118	-0.25616658	-0.37948646	-0.29742967	-0.1910076	-0.15038457	-0.16160711	-0.074301752	0.011808811	0.18189638	0.24202015	0.26864701	0.4159908	0.60801138	0.68375284	0.85661403	0.92057822	1.0384789	1.3182315	1.2153512	1.3788247	1.5939304	1.7612443	1.8034889	1.9589829	1.8462881	1.7262112	1.6689464	1.3195117	1.407201	1.2503416	1.1868468	1.3188716	1.0770537	1.1958931	1.307393	1.1604759	1.1773737	1.2096332
1	1.2217244	1.385212	1.2287248	1.0923406	0.87003089	0.73761151	0.59497028	0.25668909	0.17533248	0.16843738	0.26913496	-0.10894329	-0.40135316	-0.3226883	-0.21257733	-0.1342501	-0.086743292	-0.127609	-0.18356587	-0.24987158	-0.19826674	-0.0047269082	-0.22874953	-0.22373463	-0.3172986	-0.62584661	-0.69060666	-0.42774102	-0.47950693	-0.49260638	-0.52715312	-0.51115129	-0.51365409	-0.58528446	-0.49143551	-0.70782582	-1.0262395	-1.0979039	-0.23522027	0.24643936	0.48969145	1.2142593	1.732476	2.2501042	2.2860045	2.2398204	2.0365295	1.5923748	1.0173184	0.92327742	0.80073916	0.56668983	0.54457347	0.42058247	0.3933397	0.26084288	0.056991366	-0.19913405	-0.12344282	-0.087805745	-0.10340181	-0.062576368	-0.16205972	-0.26829259	-0.22823844	-0.24248707	-0.20305243	-0.25879866	-0.27030598	-0.093087033	-0.11573307	-0.20908641	-0.2526098	-0.25738619	-0.42273541	-0.75804916	-0.80616928	-0.92194254	-1.031561	-1.7325598	-1.7734038	-0.93289541	-0.020090654	0.61259522	1.233526	1.2614657	1.7137979	1.9534538	1.7802399	0.85633981	0.77760061	0.83475003	0.70967179	0.5164603	0.39504334	0.35463297	0.21828592	0.08976013	-0.0028064399	-0.085126382	-0.21441416	-0.24876886	-0.2632653	-0.067727559	-0.26788991	-0.17727169	-0.15577483	-0.0024997845	-0.01804009	0.015828297	0.031377895	0.08216189	-0.037111578	-0.050012788	-0.040593201	0.029107406	-0.0058203361	-0.59022192	-0.99133959	-1.3352118	-1.349064	-1.7243204	-1.3504176	-0.8293388	-0.097219137	0.6185115	0.86522972	1.289963	1.4209265	1.545726	1.9473207	2.3262414	2.3003771	1.5693911	0.94192455	0.34951585	0.33502871	0.16772804	0.081687968	0.020964001	-0.021156204	-0.09070813	-0.12249188	-0.18796746	-0.19489353	-0.29491276	-0.47435264	-0.48823576	-0.46870894	-0.43598664	-0.45216194	-0.49255992	-0.52005978	-0.44441811	-0.42143445	-0.37094781	-0.43975943	-0.21553547	-0.21679616	-0.19578562	-0.13034102	-0.077345388	-0.029296512	-0.10031047	-0.26334584	-0.32073686	-0.58241305	-0.6392713	-0.73846039	-0.98775575	-0.95521001	-0.57293461	0.16912813	0.30451804	0.64165005	1.2890647	1.7040407	2.1101887	2.5538789	2.8706942	2.5848542	1.4468838	0.83106397	0.60791795	0.002131022	-0.15551774	-0.20409629	-0.38791608	-0.4805446	-0.55656726	-0.67827229	-0.83760921	-0.76199232	-0.79959633	-0.93670847	-0.98128191	-1.0339864	-1.1024851	-1.046392	-1.125506	-1.339347	-1.2006211	-1.2415239	-1.2431842	-1.3824863	-1.3590969	-1.4020255	-1.5098629	-1.4927862	-1.5010133	-1.5861396	-1.6892439	-1.8202725	-1.9167637	-2.2628166	-2.2043166	-2.6435277	-1.5499945	0.089066283	0.3572256	0.78342397	1.2520492	1.1690354	1.2026746	1.2731743	1.4350512	1.2746302	1.095624	0.94396892	0.86721214	0.68969273	0.55773797	0.40634003	0.34093879	0.32210271	0.38277093	0.50602782	0.28668866	0.11356464	-0.022351851	-0.15612795	-0.25680385	-0.32205951	-0.51525242	-0.55656417	-0.58726998	-0.6964424	-0.76297424	-0.86053092	-0.90313125	-0.66674019	-0.65533199	-0.63758934	-0.61499286	-0.66141864	-0.66301386	-0.59372832	-0.62903397	-0.74382221	-0.78983601	-0.8048993	-0.93117938	-1.1178272	-1.3722676	-1.7107098	-1.3717038	-0.27698736	0.33708546	0.60187777	0.77815817	0.8894524	1.1075185	1.9887966	2.4198488	2.720464	2.8118411	2.4751397
1	0.80254534	0.56958988	0.55749298	0.5660821	0.44245769	0.11407112	0.17757165	-0.0026033075	-0.20992253	-0.713206	-1.2863761	-0.88138241	-0.82594648	-0.97248616	-1.0282499	-0.9639626	-0.92131201	-0.85718861	-0.82938869	-0.87380955	-0.90278966	-0.95402937	-0.97291234	-1.0423138	-1.0629343	-1.1198782	-1.2317204	-1.3465033	-1.3311543	-1.3402844	-1.4002443	-1.3503848	-1.2237673	-1.2854025	-1.2604219	-1.3138089	-1.2506919	-1.2228494	-1.111748	-1.0302825	-0.96350364	-0.90295358	-0.86649896	-0.89938024	-0.89075833	-0.73674414	-0.72359819	-0.65573753	-0.34364408	-0.31469676	-0.26984972	-0.30325552	-0.24814742	-0.11750746	-0.040828199	-0.1546833	-0.16822265	-0.013421673	0.12964301	0.18557069	0.30486775	0.3329955	0.38236659	0.66072641	0.63958142	0.69409943	0.70986801	0.67892093	0.71252343	0.64758046	0.62728782	0.46350433	0.42760702	0.22232034	0.16124575	0.16744173	0.3114899	0.28329659	0.23599082	0.26264334	0.32906155	0.47488	0.51031835	0.42108322	0.36692583	0.30827718	0.34919027	0.36197561	0.35322257	0.27893646	0.30834274	0.5680163	0.56968822	0.59250514	0.54674018	0.65098988	0.60374968	0.60584779	0.69921356	0.88505997	0.83706577	0.79933262	0.97616372	1.0117004	0.9441348	0.95328124	0.95406803	0.90676227	0.95370741	0.73055404	0.71671965	0.68124852	0.82788655	0.80336492	0.88456822	0.85624378	0.90679505	0.84532706	0.90302501	0.94964233	1.054351	1.0828721	1.0760861	0.94154495	0.9629522	0.9466263	0.98485119	1.0196994	0.96183758	0.76340253	0.47992857	0.15321394	-0.59112239	-0.47182532	-0.083249304	-0.35554428	-0.31069724	-0.25594976	-0.1777297	-0.1226216	-0.14229135	-0.10154218	-0.10862329	-0.17241886	-0.33885778	-0.44376314	-0.51618062	-0.56263403	-0.56315855	-0.64282106	-0.61888953	-0.75605329	-0.7640851	-0.68543886	-0.69792916	-0.75116863	-0.78083718	-0.80840762	-0.87200649	-0.89216799	-0.96563453	-0.97540384	-0.99936816	-1.0294629	-1.0654258	-1.0634588	-1.0823745	-1.0968318	-1.175642	-1.177904	-1.1809856	-1.2591827	-1.20931	-1.2195055	-1.2318057	-1.1792481	-1.1998357	-1.1840999	-1.1520055	-1.13863	-1.0962745	-1.0975858	-1.0308726	-0.99812241	-1.0568038	-1.0449692	-0.98884484	-0.95393102	-0.91147714	-0.88987319	-0.81761962	-0.6775054	-0.56355195	-0.55178288	-0.57856653	-0.58250048	-0.55647084	-0.36006833	-0.30830409	-0.28489708	-0.26771883	-0.052039959	-0.04286074	-0.059121071	0.12466001	0.27821523	0.27988716	0.398463	0.49651673	0.61079801	0.71160551	0.87683145	0.85794849	0.87102888	0.98367101	0.92597306	0.85112964	0.9318412	0.79451353	0.63977812	0.39495523	0.29375434	0.21602602	0.164229	0.21340339	0.25674242	0.29516401	0.34705938	0.26785583	0.27198648	0.42068983	0.54221613	0.56106631	0.69042774	0.78402299	0.90908985	0.98973585	1.1551913	1.3247773	1.4492869	1.6673589	1.8532709	2.0113174	2.2187677	2.3307214	2.6426182	2.9948379	3.1980265	3.5433618	3.596044	3.5800131	3.4216061	3.0610922	2.2365689	1.50787	0.2058961	-0.8712197	-0.12347395	-0.65429509	-0.79473714	-0.83073279	-0.97746917	-0.95802889	-0.86492538	-0.81725901	-0.81542316	-0.81883259	-0.77260866	-0.86577774	-0.8408955	-0.86040134	-0.95127561	-0.93111411	-1.0033349	-0.94744001	-0.97697742	-1.0187757
1	-0.77437837	-0.66700096	-0.59913124	-0.56631094	-0.20049738	-0.0037652839	-0.061959662	0.19600221	0.24077442	0.32031148	0.24741436	0.44661272	0.57248711	0.59648577	0.78543965	0.86511899	1.0169366	1.0975645	1.1200929	1.143143	1.1294362	1.033157	1.1786667	1.1328985	1.1792358	1.118338	1.1678531	1.2026654	1.2826767	1.2375725	0.69907293	0.34592269	0.18272232	-0.051999744	-0.42246126	-0.46737575	-0.40073916	-0.34420477	-0.33827624	-0.28629496	-0.17389017	-0.11972719	-0.098906215	0.012455154	0.082506577	0.12040169	0.1648419	0.35156665	0.40217252	0.42906429	0.44324532	0.40729476	0.44865213	0.43015514	0.4228512	0.52548579	0.72994867	0.88233542	0.99848703	1.0328725	1.0217268	1.014328	1.0956674	1.1581777	1.0632265	1.0251891	1.0091584	1.1982545	1.4345892	1.4638049	1.6540393	1.8359264	1.8095089	1.6933573	1.4024329	1.2985177	0.637938	-0.25973518	-0.68829622	-0.48914529	-0.53500834	-0.58869704	-0.46272779	-0.37446395	-0.19679798	-0.10132505	0.19344109	-0.0050458448	0.00055068056	0.27506499	0.37670358	0.42223464	0.54104223	0.58220989	0.68560332	0.73644633	0.67716111	0.75740959	0.74730739	0.87688118	1.0178377	1.1199506	1.2132893	1.25735	1.2059853	1.0819606	0.99478764	1.1175792	1.1165358	0.88565539	0.75698274	0.50879107	0.43888193	0.29119057	0.27833754	0.43679509	0.28673232	1.0346273	0.98871683	0.77400945	-0.46182665	-0.8434338	-1.2845633	-1.3235872	-1.3099848	-1.3292454	-1.3580106	-1.2840843	-1.2677216	-1.0948506	-0.87947922	-0.80819466	-0.74853001	-0.54990079	-0.32447464	-0.030277637	-0.061105955	-0.067935613	-0.15738516	0.092229354	0.17252526	0.27283587	0.30314247	0.31291268	0.41934152	0.33624734	0.46800283	0.40667819	0.22825338	0.37532817	0.1835286	0.014731707	0.059361625	0.1774578	0.170391	0.19989132	-0.093973684	0.34260272	0.2752547	0.26709706	0.44609101	0.5529467	0.58937155	0.68460733	0.72895268	0.81622053	0.84500944	0.95058457	0.88091257	-0.045549511	-0.93402162	-1.2211044	-1.184727	-1.1206515	-1.268414	-1.128904	-1.3059961	-0.96394881	-0.91969831	-0.66685868	-0.44859419	-0.419995	-0.23687479	-0.21097901	-0.11009927	-0.0078915356	0.17058071	0.23456132	0.26444108	0.27378443	0.37300418	0.45837491	0.64609565	0.73658862	0.73701547	0.80806289	0.87436748	0.82048907	0.8626053	0.84306489	0.92374022	1.0865137	1.1528658	1.1925632	1.2126253	1.4072705	1.1402024	1.0114349	0.96523988	0.86554584	0.72980639	0.77400945	0.94925658	0.79620584	0.89552045	-0.30683136	-1.5130818	-1.2506996	-2.3283295	-2.3939227	-2.5677185	-2.3817384	-2.666649	-2.7139633	-2.6682995	-2.5616192	-2.545451	-2.5583277	-2.3426576	-2.1723003	-1.9971196	-1.7546809	-1.7089981	-1.4030816	-1.2296415	-1.1297577	-0.96911848	-0.93269363	-0.86434963	-0.89432424	-0.83778984	-0.71044518	-0.65130224	-0.60107579	-0.53249464	-0.55777386	-0.4595501	-0.23715936	-0.045596939	-0.085626324	0.078427754	-0.073626994	-0.071824723	-0.051525462	-0.071208157	-0.066323054	-0.014958335	-0.10805985	-0.074717842	0.3333068	0.53331144	0.40236223	-0.67364091	-1.5151402	-1.8801806	-1.8062875	-1.5122375	-1.8895572	-1.7735573	-1.7534478	-1.6446333	-1.6851228	-1.3817294	-1.46701	-1.589536	-1.4928821	-1.1201772
1	-1.2539466	-1.39834	-1.4472787	-1.3213859	-1.2667781	-0.99403075	-0.64940873	-0.42210055	-0.37428668	0.47905636	1.4002105	1.7620513	1.5682	1.7137567	1.8943085	1.8849829	2.0612405	1.8622297	2.1403	2.2871386	2.5243493	2.5306625	2.0996006	1.7753187	1.3292909	0.70174979	0.13621935	-0.39319431	-0.11166289	-0.1677769	-0.27763344	-0.25622615	-0.36169228	-0.45869804	-0.44052748	-0.26061657	-0.15521454	-0.11605331	-0.14316493	-0.18130066	-0.15454155	-0.087852097	-0.33019024	-0.38931665	-0.42399132	-0.35964128	-0.26801939	-0.51064595	-0.40761539	-0.54490401	-0.61159347	-0.58611624	-0.57602149	-0.72183778	-0.82896393	-0.67764199	-0.5869815	-0.48680311	-0.43879695	-0.42966361	-0.5430453	-0.57752769	-0.49388546	-0.4772211	-0.48305363	-0.4777659	-0.55349256	-0.49632102	-0.53333511	-0.73455076	-0.76993687	-0.74146967	-0.61992565	-0.70397487	-0.79188895	-0.70463183	-0.71813637	-0.77760888	-0.8164208	-0.84566353	-0.90733766	-0.95296594	-0.8600782	-0.87309882	-0.91568265	-0.89414077	-0.92656576	-0.98152928	-1.0354865	-1.1786814	-1.0773461	-1.1374563	-1.1426672	-1.2853621	-1.2265177	-1.2221209	-1.1423787	-1.0872197	-0.9339846	-0.94961704	-0.71208913	-0.69683804	-0.77390106	-0.38181769	-0.18764593	0.20162694	0.39480524	0.75215946	1.0557391	1.2832075	1.3381678	1.4481846	1.3361809	1.4397883	1.557977	1.8801438	2.0163429	2.3370035	2.5719068	2.7914276	2.7668476	2.7025296	2.3316517	1.8704016	1.2913154	0.76581141	0.5185701	0.010948285	-0.26016791	-0.08903783	-0.13640305	-0.20930959	-0.24234987	-0.1394475	-0.024110949	0.052929635	0.13147642	0.20877338	0.19733266	0.27081605	0.35782319	0.44691339	0.48399157	0.54161177	0.63073401	0.44060016	0.3466068	0.28408343	0.18111696	0.14554498	0.11301744	0.033893817	-0.056958951	-0.20975825	-0.33938768	-0.42947133	-0.56054287	-0.55733818	-0.54753185	-0.5607672	-0.58044395	-0.64447352	-0.64607586	-0.59351906	-0.67613579	-0.63421853	-0.51583754	-0.59534573	-0.66735496	-0.72416438	-0.68450001	-0.66921367	-0.73449628	-0.77173469	-0.73345796	-0.7325254	-0.71843761	-0.70778845	-0.72913164	-0.7271896	-0.76461389	-0.72940083	-0.76599831	-0.7542211	-0.74157863	-0.72966041	-0.7199342	-0.72638843	-0.63162274	-0.41533867	-0.40098169	-0.1662707	0.045046114	0.093532971	0.22607867	0.69373809	0.88284644	0.90809934	0.9944976	1.5237831	1.4587601	1.5091056	1.4448197	1.4415509	1.5699305	2.0279438	2.2464071	2.7013119	2.8518679	2.9483609	2.8873117	2.5830911	2.0941526	1.7465727	1.029653	0.58176645	0.035720486	-0.22196809	-0.3766261	-0.28548491	-0.1146112	-0.29090082	-0.27122407	-0.31919818	-0.31644215	-0.36265368	-0.33198486	-0.4140568	-0.49805155	-0.40425047	-0.3654738	-0.44953264	-0.52067661	-0.62383536	-0.58710969	-0.60460726	-0.59278198	-0.65463237	-0.63681433	-0.57121446	-0.30945594	-0.29426574	-0.35960923	-0.74326429	-0.61309967	-0.50490957	-0.49058463	-0.51449157	-0.48129105	-0.4549806	-0.46235137	-0.47924006	-0.49330861	-0.38486214	-0.34393833	-0.4150823	-0.34422675	-0.29093287	-0.29916891	-0.33246557	-0.31160308	-0.26157797	-0.26366102	-0.21148877	-0.20591263	-0.22376271	-0.19229272	-0.20270794	-0.20334888	-0.061157086	-0.10794546	-0.26840395	-0.43453472	-0.31076986	-0.29714996	-0.28923439	-0.32592801
0	-0.49084103	-0.76178915	-0.90559496	-0.92038898	-0.85815702	-0.96653267	-1.2154785	-1.2352698	-1.2447969	-1.2538387	-1.2586202	-1.2577215	-1.2216622	-1.2041718	-1.2501177	-1.2813056	-1.2931157	-1.1450496	-1.1184635	-1.0855859	-1.1349832	-1.3016182	-1.2858175	-1.277279	-1.2956143	-1.404691	-1.4330747	-1.6237971	-1.5244992	-1.4143619	-1.3228475	-1.2634018	-1.0778743	-0.9327383	-0.7297564	-0.58071966	-0.45113265	-0.017342423	0.23500082	0.32664107	0.75559583	0.75787875	0.96952495	0.83970425	0.7085174	0.78840153	0.55178705	0.3440955	0.32791735	0.25757833	0.37717084	0.34382587	0.28457788	0.1547392	0.080571358	0.30197838	0.3773506	0.32257856	0.25011841	0.25827939	0.27711795	0.42293704	0.50736903	0.63100607	0.7610964	0.98559525	1.1735315	1.3453255	1.5539877	1.945553	2.0390627	2.2072436	2.3183515	2.3948023	2.2779241	2.1317276	1.7666765	1.5245794	1.2853045	1.0607877	0.69020014	0.51820839	0.39040098	0.24503128	-0.091815856	-0.222787	-0.2921733	-0.46740068	-0.54901048	-0.57832889	-0.63036861	-0.64703211	-0.63214821	-0.64180118	-0.65433026	-0.56355284	-0.56853212	-0.58684938	-0.60424988	-0.61510722	-0.59448906	-0.58253521	-0.51721142	-0.49950533	-0.47396182	-0.51068623	-0.43678802	-0.48454952	-0.49037366	-0.40423398	-0.41368921	-0.38875688	-0.32328928	-0.31566758	-0.34473432	-0.38081161	-0.38897259	-0.35329077	-0.41830897	-0.43943045	-0.40549228	-0.50268703	-0.5137421	-0.5253724	-0.42914833	-0.3905185	-0.33565658	-0.26966769	-0.23213438	-0.25124257	-0.30973559	-0.33454209	-0.4017713	-0.43955628	-0.51411959	-0.58474622	-0.66516962	-0.82445253	-1.0085599	-1.1240899	-1.2160897	-1.256553	-1.2472596	-1.0599345	-0.8917896	-0.8001134	-0.50639003	-0.32852022	-0.15345462	0.005468774	0.58070999	0.70006881	0.87671627	1.0127206	1.1164226	1.1839214	1.2154688	0.93342969	0.91504052	0.92854029	0.90486626	0.78333237	0.73717071	0.68446588	0.58049428	0.5079802	0.4287432	0.38533182	0.43365057	0.55975029	0.59904523	0.66095363	0.95762502	1.1258059	1.2815476	1.4936432	2.0305602	2.2932035	2.5837631	2.8958397	3.2073591	3.2225845	3.124437	2.6425617	2.4032509	2.0783037	1.7853173	1.3104705	1.0681218	0.83289145	0.61826128	-0.14446676	-0.25816323	-0.31530806	-0.51354437	-0.62902043	-0.63660619	-0.6151971	-0.62754643	-0.63085396	-0.59188258	-0.47980393	-0.45215726	-0.52330519	-0.48508879	-0.48544831	-0.50112314	-0.50099731	-0.46177428	-0.38230359	-0.40184321	-0.41216127	-0.40693034	-0.43481069	-0.45066528	-0.4666457	-0.441246	-0.381998	-0.38253728	-0.40513276	-0.46921623	-0.49080508	-0.49930759	-0.45913185	-0.50430485	-0.55833988	-0.56065875	-0.59044453	-0.59590915	-0.52983038	-0.49218921	-0.57955124	-0.60072664	-0.60748551	-0.64255616	-0.75377197	-0.79450497	-0.89268839	-0.96689218	-1.1177265	-1.210679	-1.373557	-1.7379789	-1.5525773	-1.415045	-1.2989218	-0.95204423	-0.7458267	-0.52954277	-0.29370124	0.16796934	0.35933892	0.54146898	0.80164964	0.86235367	0.98742877	1.0870682	1.1279091	1.1165304	1.0604282	1.0403313	0.94497011	0.87362445	0.78726906	0.6794866	0.4917661	0.46323862	0.43884556	0.33748044	0.33339995	0.33038003	0.37567886	0.5735197	0.74101752	0.93697091	1.1259677	1.5602253
0	-0.61936828	-0.65053721	-0.72224794	-0.59764849	-0.63768117	-0.72038413	-0.73650576	-0.61606007	-0.58644769	-0.45046352	-0.36050493	-0.13815074	0.035894642	0.22812956	0.60535498	1.0579178	1.2591466	1.5987594	2.0373941	2.1098158	2.0958204	1.737435	1.4711859	1.0131281	0.36388944	0.16992753	-0.13375475	-0.29844743	-0.66670593	-0.74088829	-0.77606295	-0.87329511	-0.82889335	-0.83144348	-0.82468576	-0.79161265	-0.79094204	-0.81702866	-0.80672275	-0.80011306	-0.81937244	-0.80019156	-0.74102735	-0.77406681	-0.78341951	-0.69592582	-0.6780929	-0.68752185	-0.6842742	-0.66330801	-0.65006172	-0.59148289	-0.57354455	-0.54166913	-0.55236305	-0.49494602	-0.50570498	-0.50824165	-0.50280946	-0.45403862	-0.42798116	-0.41669961	-0.42494658	-0.40609764	-0.39037973	-0.32355393	-0.27570491	-0.23057871	-0.30609556	-0.42871009	-0.60844783	-0.88767628	-1.1082541	-1.1229134	-0.84582016	-0.53913022	0.0035975603	0.53878711	0.64985318	0.89277658	1.0989396	1.1499421	1.0443486	1.0825219	1.0119618	1.041859	0.64951676	0.46764382	0.41184164	0.34276177	0.33013451	0.38055384	0.31966039	0.57761089	0.85810207	0.95118047	1.2567243	1.8085783	2.0561219	2.674297	3.0419679	3.1998423	3.3298381	3.1163633	2.9543172	2.5493701	2.2039484	1.3608151	0.59106801	0.17026396	-0.43519866	-0.69325907	-0.66841723	-0.79185937	-0.78576553	-0.8328946	-0.78762037	-0.82279055	-0.76330785	-0.78324905	-0.79054281	-0.84859009	-0.80266094	-0.78395779	-0.80741579	-0.67761517	-0.63940593	-0.68795248	-0.71418264	-0.75083086	-0.54220517	-0.60654365	-0.74933263	-0.93847914	-0.6178095	-0.63954947	-0.85138468	-0.72902136	-0.61651986	-0.61326099	-0.63594745	-0.68082469	-0.88608386	-0.86671907	-0.81762526	-1.0070611	-0.98184919	-0.87332875	-0.83798139	-0.94393152	-0.73803987	-0.86518047	-0.9230371	-1.2890729	-1.3467389	-1.4021912	-1.5766044	-1.6559992	-1.6119428	-1.0437003	-0.64057445	0.299856	0.7931042	1.0883758	1.2673554	1.2741513	1.623812	1.2898288	1.0892729	1.0023399	0.95030575	0.64792433	0.43483088	0.3972631	0.25389994	0.16230183	0.13810145	0.34749419	0.50828431	0.59167358	0.71312406	1.0078798	1.359447	1.4477705	1.8252651	2.0767786	2.0183074	2.1842113	2.1331415	1.7431767	1.260582	1.0125898	0.70164066	0.48132522	0.29000987	-0.12935876	-0.50403181	-0.63810507	-0.68596531	-0.76731807	-0.75774557	-0.82105458	-0.8061441	-0.81588032	-0.79558923	-0.78698789	-0.76981661	-0.75825694	-0.76308581	-0.76188588	-0.65892099	-0.64333092	-0.76581311	-0.70918781	-0.71459308	-0.65945479	-0.68112523	-0.64516333	-0.66516958	-0.714777	-0.71546107	-0.82069124	-0.75438578	-0.62612824	-0.62760404	-0.6556554	-0.65988766	-0.59421917	-0.61078264	-0.62242529	-0.69508924	-0.57166056	-0.82331762	-0.69523054	-0.56009865	-0.70171462	-0.80793613	-1.044519	-1.1326048	-1.0356911	-0.70779275	-0.4156051	-0.17392424	0.47239867	0.77814437	0.95602503	1.2342509	1.3317702	1.2877878	1.282248	1.1846615	1.067921	0.9342245	0.76145754	0.58676173	0.43790359	0.36992272	0.37972399	0.070143005	-0.053191474	0.063773303	0.10549037	0.15857869	0.23761683	0.36310445	0.56610506	0.71796863	0.93388807	1.0016222	1.0848545	1.1334123	0.96871958	0.93662435	0.70103509	0.14601872	-0.55086258	-0.83754404
1	-0.61257132	-0.71075857	-0.84306633	-0.9155569	-1.0664543	-1.2255968	-1.3935056	-1.5627857	-1.660941	-1.8790899	-2.095416	-2.2567294	-2.3414814	-2.3367992	-2.2690209	-2.1460418	-1.9769517	-1.766873	-1.6502917	-1.4186699	-1.2115558	-1.0498926	-0.92715238	-0.82123168	-0.76937181	-0.66124074	-0.54851588	-0.44571414	-0.3377204	-0.27688362	-0.13401126	0.013942126	0.13991225	0.24430921	0.29101846	0.38527784	0.49191527	0.61964804	0.75704999	0.82064079	0.93718253	1.0472324	1.160198	1.3091861	1.4014759	1.598584	1.7452018	1.7765795	1.6609445	1.5541133	1.2530522	0.84870208	0.53677722	0.51183301	0.58087165	0.71738381	0.77596695	0.8106838	0.81632164	0.81223387	0.7842102	0.72146593	0.62529905	0.51913756	0.42517729	0.38194631	0.30179752	0.22561611	0.14827214	0.076082547	0.045750693	-0.0076931169	-0.051132908	-0.080110326	-0.095746543	-0.095375954	-0.078458665	-0.059411901	-0.064199458	-0.090061672	-0.107105	-0.14701197	-0.20138319	-0.27833964	-0.37375217	-0.4271847	-0.54750757	-0.65672784	-0.80185195	-0.98186598	-1.0801097	-1.2795899	-1.4639589	-1.6053921	-1.6535781	-1.627872	-1.5124025	-1.3464916	-1.1281527	-0.89158526	-0.67352285	-0.57647182	-0.40365324	-0.25385444	-0.12652047	-0.027119876	0.011297213	0.073304071	0.13720338	0.20917099	0.27111577	0.29222617	0.31670573	0.34066421	0.39156657	0.46313349	0.50624784	0.61189766	0.75290015	0.92414608	1.1110057	1.2016777	1.3770019	1.5559381	1.7597996	2.0002121	2.1202866	2.312184	2.3749395	2.2532283	1.9535781	1.7359464	1.2069637	0.78308903	0.69394641	0.82712327	0.8995386	0.98601937	1.0341903	1.0437409	0.98058281	0.90628633	0.85846719	0.75783255	0.65009653	0.50890592	0.35821733	0.27182121	0.12326209	-0.0041433644	-0.13142278	-0.25620025	-0.31663634	-0.4430523	-0.57346573	-0.70700565	-0.82284007	-0.86667867	-0.90656495	-0.9003289	-0.90436211	-0.94932752	-0.98667423	-1.0727957	-1.182665	-1.2816047	-1.3352799	-1.341213	-1.3692029	-1.418794	-1.4855301	-1.567799	-1.6080615	-1.6764756	-1.7247199	-1.7345791	-1.6871775	-1.6167111	-1.4291141	-1.2142534	-0.96344564	-0.71822678	-0.49899241	-0.4063734	-0.22140816	-0.039249608	0.14082273	0.30479233	0.37037904	0.47160812	0.52288107	0.5603162	0.58694028	0.59891388	0.60498439	0.61998665	0.66537909	0.7212195	0.75148927	0.80442517	0.85285192	0.92965788	1.0565027	1.1248322	1.2488572	1.3889661	1.5883505	1.8142216	1.9135846	2.0345997	1.9897904	1.7078795	1.2158052	0.95890619	0.62575429	0.66133647	0.78246825	0.7876659	0.79331127	0.82118444	0.84342354	0.8516555	0.80721493	0.7488105	0.72254572	0.65039187	0.55579764	0.45928087	0.36054433	0.32104181	0.25469887	0.17312793	0.098949952	0.04328449	0.021827957	-0.014085305	-0.049940251	-0.079608055	-0.098726304	-0.10363614	-0.11979155	-0.13831724	-0.16103415	-0.18478006	-0.1965787	-0.23535509	-0.28463589	-0.33796683	-0.38999225	-0.40382443	-0.43063475	-0.48419143	-0.58482983	-0.75675674	-0.86920695	-1.1153626	-1.2798815	-1.3137387	-1.2319853	-1.0888984	-0.99690963	-0.79176704	-0.59046767	-0.40492679	-0.25638084	-0.19519605	-0.09941669	-0.054573553	0.024356239	0.084049268	0.12711659	0.22773994	0.33003	0.43477309	0.5357802	0.58589624	0.70940392
1	-0.5665413	-0.53516295	-0.43265403	-0.43177574	-0.48414738	-0.64947593	-0.71460718	-0.64377416	-0.67761288	-0.75329513	-0.77511236	-0.92865115	-0.92721497	-0.95986643	-1.0353284	-1.0506113	-1.1523449	-1.0784793	-1.0882579	-1.1308338	-1.2430555	-1.2955759	-1.2898684	-1.1607731	-1.1173876	-1.1836117	-1.1645867	-1.1131477	-1.0627616	-1.0806994	-1.0308053	-1.0086963	-1.0014267	-0.99149368	-0.90520321	-0.74299303	-0.67815645	-0.55082065	-0.51975986	-0.51680169	-0.42257794	-0.42006321	-0.3362417	-0.20467177	-0.10980432	0.027942298	0.14992249	0.24049001	0.38965448	0.50451962	0.54691816	0.60782672	0.49533613	0.59509571	0.73090264	0.87892561	1.0324701	0.94092132	0.9119404	0.96097623	1.1191554	1.2533888	1.4004963	1.3649639	1.330347	1.4661826	1.8380996	2.0372182	2.1696493	2.1544007	2.015361	1.5032312	0.9815461	0.90384405	0.86301901	0.80720285	0.6087136	0.4574292	0.36205538	0.18351518	0.13115499	0.082010448	0.03774088	0.025473341	-0.067239849	-0.086679665	-0.074821234	-0.13383302	-0.19062475	-0.14009553	-0.11790067	-0.14852946	-0.16479368	-0.12614006	-0.12480974	-0.12645476	-0.11166104	-0.1000229	-0.11947988	-0.088238855	-0.16331173	-0.18477707	-0.20926065	-0.27173127	-0.29548818	-0.35367031	-0.36264495	-0.41686473	-0.5111743	-0.48603271	-0.48157829	-0.54474982	-0.62883168	-0.74377406	-0.76170332	-0.87384488	-0.89161107	-0.85136679	-0.84872046	-1.0084617	-1.0281475	-0.99916089	-0.95763778	-0.92894296	-0.92797597	-0.85727455	-0.86402913	-0.90687397	-0.92910889	-0.88492801	-0.90167572	-0.87711203	-0.88665313	-0.86310506	-0.83558893	-0.87852818	-0.86198645	-0.86344265	-0.92100682	-0.93798054	-0.98033331	-0.96131118	-0.9427983	-1.0120922	-1.0360636	-1.0094115	-1.0083844	-1.0555521	-1.0979993	-1.0763852	-0.97730075	-0.94400846	-1.0035466	-0.96765952	-0.92806752	-0.87794169	-0.9069083	-0.86692723	-0.72497222	-0.70053728	-0.69080449	-0.58763185	-0.55858514	-0.46280506	-0.38493136	-0.32567926	-0.40724352	-0.3535244	-0.2867281	-0.21293119	-0.12553355	0.017551508	0.070589735	0.092724519	0.12131922	0.11835818	0.13099764	0.19019539	0.63692207	0.89260072	1.2601692	1.6241329	1.8003929	1.6438445	1.7281266	1.6289106	1.6400395	1.672854	1.8055712	2.0241439	2.2908942	2.4676979	2.8142673	2.987552	3.0681436	2.8853893	2.5661414	2.1003011	1.8583262	1.3794973	1.109085	0.89952409	0.66218382	0.71207792	0.65955179	0.65179875	0.5213131	0.41096818	0.42321284	0.35718612	0.31040469	0.16603222	-0.003596265	-0.054228475	-0.042081093	-0.015391756	0.083071842	0.086536392	0.04813167	0.029741804	0.095119093	0.11215861	-0.028202867	-0.3640897	-0.50018272	-0.6184838	-0.58540607	-0.69870058	-0.67377928	-0.69335928	-0.75949184	-0.83389241	-0.88584922	-0.85747195	-0.84787077	-0.83028768	-0.80142406	-0.73559761	-0.75492871	-0.71765118	-0.68383534	-0.76974817	-0.68788638	-0.64931286	-0.61729081	-0.54978501	-0.56650983	-0.51272205	-0.47036928	-0.40033445	-0.17521308	-0.13615607	-0.16588654	-0.14204666	-0.072375164	0.0018108361	0.056911772	0.13777797	0.18490558	0.28471094	0.37078684	0.52878005	0.61002961	0.9004968	1.0214843	1.165502	1.2613707	1.3286591	1.5445712	1.8784383	2.0439413	2.1781462	2.2185135	2.0756973	1.9602314	1.884389	1.8619023
1	-2.4432642	-2.146193	-1.9645627	-1.871723	-1.7671327	-1.6451548	-1.4982204	-1.5061864	-1.2244914	-1.1215419	-0.99278901	-0.8502742	-0.51181145	-0.26497104	0.11189263	-0.076750928	-0.10078128	-0.0027279164	0.14748825	0.37794674	0.37545901	0.32287277	0.21748856	0.019714527	-0.13862644	-0.29201842	-0.55518783	-1.0025282	-1.2340453	-1.2922951	-1.2854141	-1.1969941	-1.2233534	-1.2284611	-0.97230498	-1.0008079	-1.0767629	-1.0754397	-1.012135	-1.0687969	-1.0187513	-0.91095878	-0.92130665	-0.9593106	-1.0074242	-1.0274319	-0.92604391	-0.90569221	-0.92543521	-0.85331769	-0.91310245	-1.0060745	-0.96809703	-1.0055981	-0.94459598	-0.7807238	-0.57974748	-0.20992354	0.017756106	0.22526931	0.27902002	0.34356851	0.36839282	0.47237437	0.33266487	0.4794935	0.3942228	0.39496382	0.39062354	0.41219263	0.41245729	0.38795056	0.25911823	0.20385901	0.01937048	-0.24223748	-0.77490147	-0.95907241	-0.9691027	-0.87679228	-0.91805144	-0.86366556	-0.8785919	-0.90773003	-0.92125372	-0.95039184	-0.95735218	-0.92008925	-0.92337093	-0.90939733	-0.83952935	-0.87755976	-0.85106815	-0.78908678	-0.77294304	-0.75007716	-0.69108635	-0.69254193	-0.71858364	-0.69246254	-0.67351349	-0.64577802	-0.62727888	-0.65837543	-0.5261291	-0.20693298	0.13454679	0.55518381	1.0883242	1.1444832	1.232718	1.2085818	1.2618826	1.2544724	1.2905973	1.3169301	1.3140983	1.304862	1.3228318	1.3039092	1.2630206	1.186007	0.93077716	0.74957031	0.31765913	-0.22956068	-0.67716568	-0.87004366	-0.81203206	-0.78297333	-0.81470504	-0.73171035	-0.65726389	-0.64601621	-0.6716874	-0.63357759	-0.57969455	-0.5654563	-0.5915774	-0.59673811	-0.54873033	-0.538356	-0.52115365	-0.4993993	-0.48931608	-0.44379603	-0.41553126	-0.36066901	-0.2732811	-0.1874017	-0.086093125	0.2516286	0.61899128	0.98548061	1.2834517	1.4788174	1.5379141	1.5530786	1.5803642	1.5286513	1.4651349	1.3763973	1.2738448	1.1855571	1.1331032	1.0363466	0.97179813	0.96115915	0.91812682	0.72858345	0.18379843	-0.16411237	-0.27291059	-0.38348196	-0.20947363	-0.18936012	-0.069128966	-0.003019033	0.02852742	-0.0074387123	-0.1294695	-0.12322372	-0.073231064	-0.044781032	-0.067541058	-0.14548091	-0.20857382	-0.24109948	-0.022656171	-0.0097411799	0.012277821	0.046761906	0.073385842	0.15503082	0.24667961	0.37802613	0.63643181	0.99956007	1.3979134	1.7849133	2.0504381	2.2089378	2.3528553	2.4227762	2.4535552	2.5239789	2.5438807	2.5795293	2.6127959	2.6334652	2.5286897	2.4445305	2.2784088	2.1515085	2.0064265	1.8223879	1.6626972	1.3748888	0.99183225	0.51974699	-0.26322434	-0.52827277	-0.68251164	-0.65512022	-0.63487438	-0.55569067	-0.49040115	-0.45075636	-0.49389455	-0.48277919	-0.45245013	-0.4205067	-0.37268418	-0.28061194	-0.26854384	-0.25909578	-0.24978005	-0.24168171	-0.21384038	-0.23564766	-0.27283119	-0.25560238	-0.24501632	-0.21720146	-0.12915192	0.063620203	0.3554249	0.63497623	0.99598728	1.3343442	1.4737096	1.5056795	1.5093846	1.4268398	1.2796672	1.0676284	0.86096211	0.62878338	0.3570922	0.19102341	-0.090115827	-0.24006734	-0.270317	-0.32766697	-0.34058196	-0.38612848	-0.43977333	-0.47436327	-0.5505035	-0.6194452	-0.68153243	-0.74745711	-0.79702633	-0.80689783	-0.87364292	-0.85638765	-0.87184329
1	0.13561499	-0.36379488	-0.49059128	-0.58625159	-0.59855023	-0.78881802	-0.74727646	-0.99394332	-1.0960339	-1.1757697	-1.3229379	-1.4682791	-1.6908444	-1.7840685	-1.8876935	-2.0290499	-2.1828609	-2.1526124	-2.0330629	-1.7140725	-1.3427149	-0.96846318	0.062314133	0.97253642	1.3735996	1.9306502	2.2393202	2.2380927	2.0543921	1.8051616	1.1620441	0.73680851	0.20142807	-0.25989614	-0.30432233	-0.35062282	-0.67712463	-0.6027143	-0.6368389	-0.90776785	-1.2964002	-1.1881627	-1.1710815	-1.2598206	-1.2201722	-1.2955126	-1.2885112	-1.9593183	-1.9799168	-2.1344547	-1.9529825	-2.3643851	-1.9777875	-1.9076782	-1.8955684	-1.9375726	-1.9673396	-2.0026917	-2.2135579	-1.7565064	-1.698351	-1.5219446	-1.3473227	-1.321413	-1.393288	-0.93439995	-0.85978662	-0.90306084	-0.88544144	-0.60334222	-0.4059313	-0.1054809	0.11120655	0.19845373	0.3038302	0.40429665	0.31416956	0.2791857	0.29103583	0.26313373	-0.0094098501	0.27975224	0.24420185	0.21837706	-0.14285366	-0.21813741	-0.48184768	-0.48244727	-0.98093651	-1.0598744	-0.96018697	-0.88743378	-0.95323269	-0.87815196	-0.88131514	-0.34499991	-0.86914869	-0.85757711	-0.7350628	-0.063627743	-0.016996767	-0.047863763	0.10388874	-0.17113818	0.0043476332	0.31657735	0.47690821	0.4922048	0.61287785	0.54574284	0.34495157	0.24939513	-0.07752214	-0.22507752	-0.22736257	-0.19276113	-0.21548883	-0.15857987	-0.1775448	-0.30660265	-0.3009703	-0.29657489	-0.20507865	0.012142281	0.2383476	0.35222217	0.25326649	0.36072027	0.39655394	-0.16422639	-1.3557028	-0.72408609	-0.89705079	-0.98415162	-0.42586879	-1.2427536	-1.0634106	-0.5612294	-1.2900314	-0.76072707	-1.3329185	-0.94234568	-0.90632317	-1.047132	-1.0341346	-1.1635418	-1.2364272	0.013001534	0.10034786	0.20827376	-0.51241252	-0.10750628	0.51141995	0.45523805	0.67765227	0.79974168	0.9538406	1.0061984	1.0354224	0.97319739	0.92074521	0.69870868	0.73364533	0.72713011	0.85852022	0.94477596	1.0750802	1.0753635	1.0949563	1.009456	0.78685289	0.84553701	0.99496197	0.70432687	0.55919817	0.80068591	0.31657735	0.29056372	0.31416956	0.53672541	0.14246068	0.25642967	0.4473537	0.25817651	0.51245861	0.55499633	0.35675449	0.33177951	0.33687837	0.35160842	0.50235531	0.016778468	0.060930831	0.094351978	0.60414369	0.58870547	0.72127587	0.63775841	0.62784395	0.89718658	0.7294907	0.89095464	0.77769382	0.90426834	0.98292299	1.2080755	1.2787986	1.3838918	1.39933	1.5818976	1.6702306	1.7620573	1.7003045	1.5780262	1.4982857	1.3489079	1.1667181	1.0447703	0.66150588	0.66174194	0.52048459	0.51278909	0.39957548	0.44541802	0.41737429	0.33064643	0.074423929	-0.041641264	-0.010996163	-0.014593692	0.056738434	0.059873289	0.082218577	0.0095125909	-0.035116609	0.04710253	0.11271732	0.10563557	0.146993	0.134057	0.29976999	0.48833344	0.67557496	0.68997452	0.76173628	0.94402057	1.0353752	1.188341	1.2489136	1.3164735	1.4981913	1.6676812	1.799449	2.0678474	2.0725213	2.0500486	1.6275513	1.462216	1.3126966	1.1990108	1.1356056	0.66051444	0.33702001	0.11148982	-0.28324703	-0.32029404	-0.30983665	-0.12270844	-0.022747149	0.11946859	0.14963685	0.087411862	0.072762078	0.23409855	0.36666894	0.4352203	0.54177706
0	-0.57521556	-0.50353218	-0.53514566	-0.62285544	-0.63942073	-0.66566865	-0.65657765	-0.62020585	-0.61541238	-0.56577311	-0.3902325	-0.32773384	-0.33982979	-0.25119256	-0.37559435	-0.51471239	-0.22446237	-0.29614184	-0.46109581	-0.54539061	-0.64847268	-0.91372051	-0.89922685	-0.74236418	-0.35676021	-0.089561806	0.086322447	0.41743314	0.5994874	0.8485331	0.87700105	0.84525285	0.97948955	1.0506204	1.0239878	0.82072902	0.96693476	0.8832101	0.71205098	0.57619368	0.45132913	0.39468612	0.33677397	-0.14331506	-0.086281549	0.035771344	0.29471639	0.46597314	0.72694882	0.96968783	1.1836465	1.6850377	1.954995	2.2883316	2.6679432	2.7699631	2.8122355	2.9745301	2.790699	2.5224404	2.2784127	1.8618201	0.98280886	0.64072492	0.51086189	0.30414713	0.2507258	0.0042574473	-0.34728066	-0.43951836	-0.41228637	-0.30513717	-0.34982481	-0.44648305	-0.47064175	-0.42134222	-0.24183992	-0.23020282	-0.33865632	-0.39183358	-0.37590871	-0.40359955	-0.42029957	-0.41711499	-0.51681918	-0.64031304	-0.65297327	-0.6060695	-0.66242354	-0.71230882	-0.67005599	-0.64580747	-0.619706	-0.6053744	-0.55212099	-0.50417457	-0.50243877	-0.48951299	-0.54528712	-0.59881779	-0.64553216	-0.59853077	-0.53717239	-0.9509729	-0.95828904	-0.7169168	-0.73611802	-0.68772837	-0.76136624	-0.72060319	-0.95895681	-1.098028	-1.2612481	-1.1359423	-0.85829588	-0.63561915	-0.35661377	0.046998414	0.28214207	0.46894099	0.77322387	0.83892664	0.91130707	1.0344729	1.168651	0.94453919	0.93424934	0.85112997	0.65009708	0.56389271	0.47245555	0.4525397	0.48739243	0.5013921	0.19382896	0.03955926	-0.11640915	0.082964089	0.2638273	0.59304404	0.90082196	1.0509523	1.4925374	1.8508664	2.0493805	2.2360037	2.4171793	2.6586492	2.6743671	2.587987	2.2820054	2.094855	1.7287744	0.96500175	0.72474245	0.37680091	0.33200979	0.33626631	0.0081625151	-0.27139738	-0.44763895	-0.32368819	-0.17574665	-0.19181601	-0.23809106	-0.26956591	-0.3920835	-0.33504218	-0.29374804	-0.49346687	-0.44046534	-0.42399962	-0.454918	-0.44857617	-0.39631074	-0.41062672	-0.46237863	-0.54280936	-0.53474149	-0.40382604	-0.18646606	-0.14807925	-0.11613579	-0.2402779	-0.29248084	-0.34820616	-0.72514869	-0.73659835	-0.8846668	-0.77649252	-0.69239298	-1.0070458	-0.96690558	-0.78504462	-0.80179345	-0.727357	-0.52570516	-0.51819767	-0.61593761	-0.60238117	-0.82629189	-1.0279066	-1.1599741	-1.2876073	-1.3822408	-1.1444846	-0.85858485	-0.58599745	-0.32221598	-0.13634452	0.20894158	0.28575426	0.3010426	0.48832965	0.51076426	0.59136486	0.67303936	0.58540964	0.54682757	0.39267501	0.25117488	0.069003471	-0.030771011	-0.098504412	-0.20837349	-0.24863474	-0.2968799	-0.50059753	-0.53914055	-0.52254596	-0.31102015	-0.11424183	0.44234748	0.68869868	0.88773998	1.5750124	1.5676123	1.7539816	2.3449551	2.2702902	2.059768	1.8753707	1.6031875	1.0165096	0.67223882	0.29006936	-0.60565752	-0.41583217	-0.43188395	-0.8015572	-1.0881286	-1.4225469	-1.4384074	-1.403953	-1.3137127	-1.2908798	-1.2869903	-1.2543693	-1.2176539	-1.1888364	-1.2369937	-1.2541057	-1.1651991	-1.2199676	-1.189348	-1.2526355	-1.2978776	-1.3109694	-1.0635326	-1.0054857	-1.1487939	-1.2498043	-1.2245932	-1.3762016	-1.2835011	-1.2981315	-1.2571907
0	-0.70494556	-0.6893421	-0.66281087	-0.64026084	-0.61723235	-0.63379808	-0.6977669	-0.58703591	-0.57592425	-0.59175801	-0.6125888	-0.59230074	-0.52255293	-0.52324562	-0.56950077	-0.64112849	-0.9607887	-1.0700468	-1.050796	-1.1831415	-1.1147845	-0.96174561	-0.75711895	-0.35873091	-0.18541471	-0.002857828	0.28267294	0.37033795	0.43596352	0.48771915	0.59406903	0.5899093	0.52178253	0.46274291	0.47565057	0.43915919	0.34038788	0.33155068	0.30683152	0.20805128	0.019427979	0.056747735	0.079620904	0.012113636	0.059580995	0.14574993	0.17830831	0.18504957	0.2251044	0.42534103	0.83849344	1.0891664	1.3909701	1.6757064	2.3090032	2.6935195	3.0112124	3.2586896	3.1226503	2.9349982	2.5407521	2.2586401	1.9870257	1.6828654	1.2397915	1.084239	1.0015978	0.67303252	0.44667527	0.29439874	0.16201751	-0.18109251	-0.33277097	-0.41060259	-0.79948573	-0.91008103	-0.76481178	-0.69842924	-0.88930558	-0.76101446	-0.63035604	-0.71236345	-0.82549744	-0.7028407	-0.71799426	-0.78841691	-0.81651385	-0.7421582	-0.74216177	-0.83937452	-0.90586953	-0.86424543	-0.81345029	-0.82033973	-0.81668167	-0.77378287	-0.77309375	-0.7658044	-0.79353713	-0.80328305	-0.76391199	-0.74124413	-0.72506045	-0.72190048	-0.73939992	-0.7878117	-0.76479571	-0.72411068	-0.66005973	-0.68504669	-0.67205333	-0.63807564	-0.45529739	-0.43555562	-0.43825677	-0.34008888	-0.31507694	-0.37067452	-0.37512882	-0.4232496	-0.50151504	-0.64179619	-0.92800358	-0.97261091	-0.95403851	-0.83166206	-0.68277401	-0.44452136	-0.19406445	0.10833019	0.23828521	0.35324377	0.50380464	0.5371182	0.54799063	0.56816443	0.3277373	0.24729201	0.17722285	0.092162584	0.055978274	0.005392009	-0.0085279173	-0.057591328	-0.073535776	0.17493589	0.25099114	0.053275341	-8.3483375e-05	0.0080395979	0.015678865	-0.0054786376	-0.025356085	-0.10142562	-0.021091021	0.13719837	0.64659234	1.0330903	1.4875723	2.0213033	2.6670972	2.9462456	2.9276785	2.6687754	2.339621	2.0490111	1.5840673	1.3490871	1.178556	0.92815083	0.66799799	0.4120763	0.08264876	-0.21835335	-0.22179718	-0.29679018	-0.43867453	-0.68961704	-0.8031188	-0.85363722	-0.90293094	-0.93154739	-0.94866835	-0.96482881	-0.94473713	-0.96029417	-1.0069564	-0.99362737	-0.98953548	-0.99726223	-0.94325177	-0.93760846	-0.93052442	-0.92783041	-0.89503994	-0.90882954	-0.91840228	-0.90707281	-0.85548679	-0.8458105	-0.86443289	-0.89229773	-0.85615448	-0.86638064	-0.90145807	-0.93885281	-0.91813984	-0.93722819	-0.97203961	-0.97201105	-0.91903963	-0.87378782	-0.81708157	-0.75179699	-0.6540433	-0.60618317	-0.58538809	-0.53981492	-0.52473813	-0.53216494	-0.48169472	-0.47162567	-0.39112147	-0.43288125	-0.6318896	-0.74768011	-0.86212807	-0.89532023	-0.92351714	-0.93087791	-0.89394913	-0.5417109	-0.3131024	-0.10902739	0.060461144	0.32545748	0.41987803	0.52288941	0.68001301	0.66008915	0.69567003	0.66671258	0.53145882	0.39977564	0.30200409	0.19496687	0.14988823	0.094790535	-0.0008725827	-0.058794615	-0.076760014	-0.092463448	-0.018539838	-0.1186769	-0.12904409	-0.090428214	-0.068636933	-0.0043913944	0.10468463	0.47084813	0.84697358	1.2408091	1.8830681	2.1991363	2.4912995	2.7415261	2.8272201	2.5603724	2.2099016	1.6112038	1.3425708	0.99863418	0.76697462	0.39693702	0.27111139	0.091825164	-0.51662933
1	0.045606648	0.084815053	0.2369863	0.250491	0.20538097	0.18295595	0.05082654	-0.05654088	-0.042516213	0.073823527	0.38800207	0.52515782	0.49560636	0.48252052	0.84898175	0.63966612	0.59333128	0.24512378	0.070920378	0.039043509	0.14001822	0.055425359	-0.17141316	-0.33015621	-0.38645131	-0.34342692	-0.54988273	-0.65734548	-0.70015899	-0.72369616	-0.94955252	-0.96077514	-0.80045774	-0.89257569	-0.933214	-0.85182182	-0.83000054	-0.76701809	-0.7196202	-0.75998698	-0.70694745	-0.63833491	-0.57581753	-0.54726845	-0.53173877	-0.53303002	-0.45661798	-0.52709951	-0.52315065	-0.48207614	-0.33786039	-0.32370573	-0.14772288	0.0061902568	0.20116635	0.58405853	1.1631863	1.4810017	1.944379	2.2385648	2.6357619	2.7263806	2.4246264	1.6188507	0.86510072	0.77826623	-0.065374542	-0.45542494	-0.68809286	-0.84458562	-1.0064225	-1.1138939	-1.1062388	-1.2190746	-1.2493135	-1.2048217	-1.2703144	-1.1952745	-1.1303884	-1.0789521	-1.1554104	-1.0155883	-1.099875	-0.96350786	-0.94331003	-0.97537177	-0.94699024	-1.0226743	-1.1157138	-1.2481985	-1.4596951	-1.6224881	-1.4874469	-0.83736963	-0.47146303	-0.50543133	0.15508282	0.72548957	1.4595675	2.2636099	2.8952254	3.1156048	2.8097486	1.5184393	0.079612494	0.10089648	-0.099290838	-0.28464465	-0.46821035	-0.63852267	-0.7592908	-0.84458273	-0.97521001	-1.0338045	-0.87462527	-1.0554265	-1.0818639	-0.92958867	-0.69660588	-1.0899465	-0.84290728	-0.80184432	-0.70237174	-0.50489403	-0.52054792	-0.49322654	-0.45980711	-0.50884289	-0.61299807	-0.69411293	-0.75625477	-0.79460234	-1.0772304	-1.3533936	-1.0988437	-0.45949224	-0.10128693	-0.38615377	0.30027207	0.70269768	1.2751814	2.155139	2.564613	3.0952972	2.9593547	1.8098809	0.92544579	0.65763387	0.60789036	0.43918993	0.33911072	0.1824562	0.16424291	0.11419319	0.12184248	0.13396638	-0.035970405	-0.083914256	-0.1827831	-0.33523744	-0.33121637	-1.2356644	-1.2714006	-1.2441659	-1.201985	-1.0643006	-0.8030778	-0.67702334	-0.41217524	-0.26696866	-0.25959668	-0.23965883	-0.18006194	-0.23499646	-0.15142331	-0.055989137	0.05174226	0.14476437	0.21090417	0.25151071	0.28357246	0.34426706	0.2436881	0.18169647	0.11252063	0.26388882	0.62057177	1.4655471	1.6217972	1.5738158	1.8641019	2.3369252	2.7450705	2.9809044	3.2334351	2.9852664	0.92232599	0.86186537	0.31844203	0.3961771	0.23701808	0.10057005	-0.098531108	-0.28129086	-0.4692474	-0.39893052	-0.44787675	-0.47118861	-0.5471038	-0.57287972	-0.54419776	-0.57001701	-0.64576466	-0.73173543	-0.70584396	-0.64419898	-0.67096862	-0.58911136	-0.7334571	-0.70486758	-0.70371499	-0.8141531	-0.754406	-0.63970415	-0.65260222	-0.78355015	-0.83997524	-1.1546449	-1.2453011	-0.8464315	-0.36300368	0.44453404	0.79900713	1.0610128	1.0624282	1.3128501	1.3838545	1.4153125	1.1022057	0.91117558	0.88194188	0.7769952	0.72410299	0.66396014	0.50360807	0.40874297	0.45178469	0.28617518	0.20179609	0.20641513	0.15313006	0.30546596	0.35905723	-0.019213023	0.36408358	0.15432598	0.10985724	0.13446902	0.19456277	0.37292302	0.37630281	-0.1053109	0.079988025	-0.0048619318	-0.21714715	-0.26445548	-0.29271569	-0.36922596	-0.60439839	-0.78403256	-1.0126967	-0.1751367	0.38690436	0.57030829	0.78115493	0.82734534	0.88454172
0	-0.94277987	-0.83091311	-0.86901414	-1.039762	-1.2892093	-1.4865928	-1.396952	-1.1377157	-1.1410625	-1.1968197	-1.1757443	-1.1473086	-1.0636204	-1.046991	-1.1521793	-1.1411254	-1.1326621	-1.1665134	-1.2272822	-1.2411477	-1.3540012	-1.4469393	-1.5335934	-1.3347373	-1.4812135	-1.6562778	-1.6244724	-1.5944289	-1.7674055	-2.0675239	-2.1234392	-2.1847166	-1.9084071	-1.7166181	-1.3857571	-0.88270056	-0.65738793	-0.38482904	-0.10470023	0.0061626644	0.05201266	0.055250924	0.050622112	0.068051587	0.070794587	-0.048240156	-0.36400891	-0.29549107	-0.19811459	-0.37120928	-0.33636938	-0.09138525	0.056184305	0.059251131	0.32200761	0.67109238	0.86161654	1.3973396	1.6233894	2.002209	2.1905045	2.1951523	1.9893321	1.7690541	1.5992357	1.2328548	0.71414223	0.55060994	0.17971452	-0.28865262	-0.38808635	-0.42945992	-0.48424371	-0.47271931	-0.48952018	-0.48092926	-0.42500255	-0.40256329	-0.38892449	-0.37673338	-0.49773013	-0.47951966	-0.50776874	-0.47466226	-0.48496756	-0.53881797	-0.61371519	-0.58834244	-0.60577001	-0.55671985	-0.51388335	-0.4550803	-0.45852809	-0.34716994	-0.36429464	-0.39814401	-0.44972764	-0.34008386	-0.32589265	-0.3189399	-0.43406968	-0.44658462	-0.44448927	-0.46443316	-0.44808946	-0.40206802	-0.46005198	-0.69840339	-0.93167643	-1.0173323	-1.1937586	-1.4360721	-1.4314204	-1.1416092	-1.0185647	-0.86485583	-0.38082883	0.28570097	0.48133016	0.75603011	0.9708222	1.0080813	1.1014194	1.1542603	1.0882569	0.95986925	0.87961747	0.66482538	0.75054411	0.80850902	0.66273004	0.73347656	0.8095186	0.84060593	1.0349779	1.0496834	1.1887383	1.3208784	1.472372	1.8305239	2.0133524	2.3353691	2.7434665	2.8217753	2.8672253	2.8035648	2.662929	2.4290121	2.174656	1.9714836	1.3043252	0.8128902	0.65937748	0.36204778	-0.096128353	-0.2027434	-0.59285887	-0.59154642	-0.69821481	-0.5535635	-0.4727955	-0.52657924	-0.46201399	-0.56660608	-0.51706446	-0.39997268	-0.4523373	-0.42006896	-0.20363869	-0.038334881	-0.15773155	-0.088318425	-0.1747991	-0.31918754	-0.21584885	-0.030296369	-0.053859495	0.01633462	0.1820194	0.16594238	0.20823028	0.16451373	0.14891292	0.093329088	0.20958273	0.33061758	0.26086158	0.35267587	0.30084461	0.28850111	0.11833991	0.15796101	0.1527036	0.28899638	0.23139339	-0.068869797	-0.26688006	-0.20390537	-0.053592815	0.070280274	0.012048684	0.22965997	0.56339155	0.67737842	0.82849101	0.96023118	1.0980859	1.1665085	1.1647751	1.1971768	1.1300876	1.0252631	0.90965713	0.76102085	0.63844306	0.51361754	0.5319423	0.50815059	0.31021652	0.24322257	0.24687991	0.3597048	0.50441707	0.60120304	0.80664226	0.96602195	1.3235833	1.8233807	1.9531588	2.1266726	2.2304685	2.1046905	1.8541823	1.4514757	1.1048672	0.51973215	0.065708609	-0.10340492	-0.38309561	-0.53063278	-0.77642458	-1.0443013	-1.0176295	-0.92871628	-0.97300048	-0.99121666	-0.99786272	-0.98385628	-0.96436003	-0.87227145	-0.89566504	-0.97009176	-0.84622248	-0.73127747	-0.65192479	-0.60951687	-0.588051	-0.48700576	-0.4201642	-0.40128703	-0.37454279	-0.34659848	-0.32545453	-0.28855738	-0.15348371	-0.12308213	-0.14613095	-0.20318152	-0.20767699	-0.23266877	-0.17944696	0.050869744	-0.14675955	-0.13940679	-0.10494786	-0.20272436	-0.1652367
0	-0.074958846	0.084427108	0.35916517	0.54198849	0.76535373	1.3266077	1.6092963	2.0037268	2.2471558	2.4940965	2.8049771	2.7826248	2.7301077	2.5346384	2.2977987	2.1592459	1.372496	0.89382524	0.2431423	0.010228498	-0.20389397	-0.38192526	-0.45814604	-0.57967906	-0.67685537	-0.67960157	-0.66038016	-0.70870297	-0.73250137	-0.7316491	-0.72823411	-0.65573412	-0.57438001	-0.60559432	-0.62721865	-0.65700857	-0.63117617	-0.62481178	-0.61341664	-0.55527302	-0.63290635	-0.61659884	-0.64842473	-0.58013873	-0.55034881	-0.52418103	-0.54122244	-0.52860019	-0.55593787	-0.53218682	-0.46556984	-0.47059467	-0.42759854	-0.47477513	-0.37029733	-0.25922629	-0.18563334	-0.32773917	-0.066081054	-0.060576823	-0.20297463	-0.072453335	-0.099027525	-0.20415636	-0.82850581	-1.1520125	-1.4827695	-1.6145238	-1.2928183	-1.0595178	-0.59260315	-0.32451554	-0.10153304	0.49959211	0.7365305	0.87030896	0.88804481	0.90970663	0.89388443	0.79559741	0.69324634	0.54599336	0.43506042	0.30860121	0.13149913	0.020881848	-0.040927311	-0.043669562	-0.020488661	-0.12349077	-0.31575415	-0.17452821	0.10297183	0.29173341	0.54037076	1.0237961	1.3092862	1.5142251	2.0827983	2.4004851	2.7091364	3.1141018	3.2100608	3.0070356	2.8553635	2.6624786	1.9172373	1.5496573	1.217766	0.48923468	0.34444776	0.23217329	-0.02338874	-0.091747736	-0.24839144	-0.270144	-0.35294026	-0.48972138	-0.52320841	-0.47773439	-0.32680799	-0.33875749	-0.41811509	-0.44207723	-0.47335665	-0.44142028	-0.47740098	-0.48782548	-0.54457233	-0.54756907	-0.53434314	-0.55728138	-0.52583032	-0.4969045	-0.44941621	-0.43944941	-0.40745779	-0.42323856	-0.46279603	-0.39545107	-0.3405153	-0.331456	-0.28874593	-0.21639982	-0.26246175	-0.24574388	-0.19326035	-0.0230139	-0.53112543	-0.087506125	0.049251325	0.13382709	0.46475171	0.42089541	0.094528063	-0.36109205	-0.83034844	-1.1136782	-1.1267957	-0.99735549	-0.83637153	-0.37825775	-0.15923868	0.083381502	0.35772499	0.40749981	0.62755068	0.50211734	0.57237027	0.6151415	0.51304689	0.35784336	0.50497797	0.25298678	0.19376205	0.33460328	0.23022018	-0.0039562403	-0.10974006	-0.22415112	-0.27929602	-0.25196623	-0.29993392	-0.21028993	0.04467433	0.24097217	0.61573335	0.90994337	1.3836821	1.5657557	1.7613631	2.1806118	2.4137032	2.6482347	2.823581	2.3836371	1.9210647	1.6637271	1.4182265	0.64785123	0.31909674	-0.031576037	-0.49230186	-0.55426096	-0.49470873	-0.74392807	-0.79021293	-0.91195508	-0.98959038	-0.86607465	-0.87337219	-0.8491595	-0.83786892	-0.76984728	-0.78102738	-0.87279612	-0.76998735	-0.76199142	-0.7556941	-0.75361078	-0.73484905	-0.88492911	-1.0214755	-0.93629995	-0.86131221	-0.88548939	-0.87917038	-1.0084882	-0.99185717	-0.89351294	-0.6867906	-0.7423202	-1.1026875	-1.0378994	-0.71543431	-0.44572897	-0.42392116	-0.28016801	-0.25268829	-0.21789721	-0.11589533	-0.23123363	-0.34824489	-0.55417021	-0.59189885	-0.67697374	-1.2055772	-1.3760387	-1.7541537	-1.9568357	-1.7947015	-1.3220814	-1.0758115	-0.78781198	-0.23352607	-0.15178134	-0.071230173	0.021375059	0.027845983	0.082927748	0.10541815	0.054065061	0.11323061	0.13457677	0.10977814	-0.25643077	-0.32692438	-0.41729439	-0.60912176	-0.67651209	-0.76593119	-0.75306825	-0.64733178	-0.71769716	-0.74264967	-0.51374666	-0.19811157
0	2.1588341	2.0240682	1.83247	1.1835298	0.86342905	0.15215379	-0.18855625	-0.71440723	-0.93540273	-1.2858701	-1.3822463	-1.4395409	-1.4160668	-1.3452181	-1.3182903	-1.3241271	-1.2585561	-1.24268	-1.2540852	-1.2592152	-1.2013555	-1.2964596	-1.2656142	-1.2740116	-1.3175864	-1.3103269	-1.2699673	-1.2606409	-1.0628972	-0.90268133	-1.0002759	-1.0531786	-1.0076905	-0.97970384	-0.96884442	-0.95348138	-0.95021848	-0.97028946	-0.95994901	-1.0130262	-0.97657963	-0.91605353	-0.92531729	-0.90113041	-0.88010353	-0.84670359	-0.92253011	-0.97648568	-0.930319	-0.90777401	-0.80665708	-0.81311278	-0.86274069	-0.84044772	-0.80414429	-0.79411253	-0.75252703	-0.63488535	-0.49909346	-0.16092305	-0.020654366	0.19493827	0.26532613	0.37474048	0.38134679	0.29152771	0.2423606	0.14144648	0.067091853	-0.14408663	-0.20666024	-0.27173919	-0.31336048	-0.45770033	-0.41791329	-0.39458986	-0.31674566	-0.24571656	-0.026306272	0.15703024	0.57284054	0.83399142	1.4301855	1.713094	2.2797908	2.5698723	2.8314557	2.8457271	2.6048425	2.342096	1.5870669	1.2394374	0.60256151	0.302921	-0.13261878	-0.38731247	-0.66115106	-0.75079865	-0.77891949	-0.81656656	-0.76681636	-0.72509366	-0.68169328	-0.64428034	-0.56079915	-0.42876973	-0.44737479	-0.53101704	-0.53848978	-0.34233582	-0.37290682	-0.46332986	-0.43629019	-0.36844793	-0.37146029	-0.35765115	-0.37515863	-0.47816202	-0.40926394	-0.40687791	-0.4570054	-0.43618133	-0.45759743	-0.5280166	-0.53271112	-0.532987	-0.40153917	-0.40662439	-0.37512881	-0.35487739	-0.23881199	-0.16653022	-0.1027785	-0.10337501	-0.19219494	-0.159566	0.023800338	0.015150983	-0.096679217	-0.2300135	-0.10622333	0.012809692	-0.01673233	-0.1178254	-0.13103804	0.01424131	0.33484905	0.46452973	0.91890423	0.84957517	0.94428561	0.89159911	0.81366544	0.63114913	0.52061633	0.3684175	0.31647663	0.27621239	0.23214541	0.0087236173	0.0081121973	-0.024099195	-0.053715781	-0.072028554	-0.043008475	0.12244773	0.25348546	0.67691615	0.89125612	1.3867896	1.6497002	2.177639	2.5320687	3.0290934	3.0889231	3.0627066	2.7764726	2.2290281	1.6429149	1.2672943	0.47332821	0.2305945	-0.2264792	-0.3764113	-0.6809387	-0.70315263	-0.69011745	-0.66626611	-0.72610623	-0.68626849	-0.55266428	-0.47911046	-0.50475431	-0.51277435	-0.56593359	-0.50182695	-0.51517977	-0.54427739	-0.53080677	-0.50397587	-0.57410872	-0.56726976	-0.50545372	-0.58022739	-0.54419239	-0.45865623	-0.41211226	-0.40379098	-0.38516504	-0.40735511	-0.43187156	-0.38145179	-0.38116845	-0.3487781	-0.28526499	-0.27500506	-0.29182657	-0.26419337	-0.24722274	-0.17752086	-0.069776739	-0.039190829	-0.056743055	-0.18071218	-0.14873939	-0.01139359	0.028363619	-0.051642918	-0.096843256	-0.060709829	-0.12869674	-0.090699231	0.25795927	0.40311931	0.59622362	0.66154117	0.73494139	0.76590012	0.79760448	0.68796644	0.55721205	0.47174747	0.31799772	0.23172786	-0.0049662245	-0.095426552	-0.047228764	-0.033762613	-0.10033282	-0.089879034	-0.14499631	-0.11579727	0.16819984	0.42268475	0.76154561	1.2515316	1.6513555	2.2321895	2.3329844	3.0283031	2.9965689	2.8869457	2.6852666	1.9752291	1.6216196	0.87386793	0.56411662	-0.011065511	-0.2263599	-0.57438162	-0.69148495	-0.63006558	-0.61601485	-0.6467305	-0.59260641	-0.42231253	-0.39812416
0	-1.3115986	-1.2217598	-1.2452203	-1.4361881	-1.4492284	-1.2227822	-1.1283227	-1.1709217	-1.2210983	-1.1332341	-0.98637277	-1.0460515	-1.1305478	-1.310067	-1.4383091	-0.1748468	-0.79953857	-0.26662008	-0.26170867	0.76361416	1.2152437	0.6308857	0.7137583	0.42190002	0.22391992	0.10147536	-0.075515959	-0.19190645	-0.20317263	-0.1948132	-0.36109965	-0.44876338	-0.29416409	-0.16971488	-0.27542053	-0.21993158	-0.002245681	0.19595493	0.77149247	1.178358	1.899955	2.1481317	2.4639858	2.4667522	2.5599288	2.4403709	1.8380912	1.4247907	0.63890434	0.16656663	-0.6774749	-1.1757128	-1.2681656	-1.2223612	-1.1681352	-1.1821878	-1.1413529	-1.0662785	-1.0831978	-0.97516673	-1.0609661	-0.90590577	-0.83734644	-0.85214082	-0.88176967	-0.94307214	-0.95632293	-0.99062265	-0.96702781	-0.78318056	-0.79192087	-0.84897346	-0.83746672	-0.80036048	-0.72582727	-0.81341081	-0.87914357	-0.85392496	-0.79673205	-0.77742718	-0.8029064	-0.78534559	-0.68481195	-0.78739034	-0.5711478	-0.60719156	-0.68324832	-0.6859947	-0.48697217	-0.62681717	-0.66390336	-0.56104432	-0.63649967	-0.56200655	-0.60097712	-0.73027761	-0.60510672	-0.51427563	-0.43829906	-0.41851308	-0.85101821	-0.48131904	-0.23294181	0.22586444	0.47995494	0.71540212	0.8391898	0.87246713	0.95556024	0.77337685	0.72057414	0.75050369	0.60743119	0.60939576	0.52886862	0.50008172	0.45591908	0.37340733	0.17805333	0.19894187	0.21397682	0.38319006	0.56030167	0.90053235	1.0751181	1.7402438	2.1153155	2.2914849	2.8565381	2.9291268	3.1050155	3.2425351	2.9007408	2.516127	1.8047938	1.4379012	0.62290716	0.20547706	-0.3549253	-0.66987724	-0.68140403	-0.60646988	-0.58538087	-0.6048862	-0.34442089	-0.3851756	-0.33726426	-0.31433096	-0.41915457	-0.39970938	-0.37398961	-0.37946232	-0.41269957	-0.55312591	-0.60753235	-0.35235934	-0.35837331	-0.44222819	-0.46718619	-0.39443712	-0.39441708	-0.4724384	-0.44954519	-0.40973267	-0.4080688	-0.40676578	-0.41863336	-0.45592001	-0.46712605	-0.53570543	-0.52995206	-0.41668884	-0.35334162	-0.35099617	-0.40185436	-0.31673655	-0.27868813	-0.26036555	-0.27191238	-0.30392678	-0.21143182	-0.19958429	-0.25683735	-0.34762834	-0.45726313	-0.57698135	-0.27754547	-0.5711077	-0.49188359	-0.21842808	0.21529989	0.42093779	0.71480072	0.81140522	1.0314366	1.0180655	0.98510891	0.93318825	0.81886256	0.71149303	0.50643648	0.41552521	0.22267703	0.19717777	-0.017040063	0.19497265	0.17658993	-0.032054957	-0.011647531	0.11466602	0.23715067	0.64750432	0.87162517	1.2861686	1.8407574	2.7255737	2.9352009	3.445607	3.5574871	3.1647544	2.812636	1.6161955	1.1380443	0.49527054	0.16580486	-0.4433508	-0.57728205	-0.55120144	-0.74148365	-0.78378195	-0.37521245	-0.34820969	-0.44946501	-0.43234522	-0.36450757	-0.38475462	-0.44752049	-0.50922389	-0.55749607	-0.45259228	-0.59965404	-0.46429948	-0.36735418	-0.40736717	-0.37890102	-0.15387807	-0.17208037	-0.24699447	-0.30156128	-0.28642611	-0.22632644	-0.1651643	-0.3799234	-0.15864916	-0.11590983	-0.11170005	-0.19168594	-0.10197746	0.02724285	-0.22366024	-0.10570612	-0.089829223	-0.14150933	-0.12761704	-0.1049243	-0.1240287	-0.12374805	-0.25653665	-0.30015802	-0.26002475	-0.33313466	-0.26257067	-0.36565022	-0.17232093	-0.12268558	-0.019024675	0.26473478
