Type,Alpha,Percentage Agreement,Kappa Loyalty,Complexity,Num Segments
OS,0.0,5,0.027137736815156188,0.007692307692307674,1.0
RDP,0.0,100,1.0,0.9946153846153846,129.3
BU,0.0,100,1.0,1.0,130.0
BU,0.0,100,1.0,1.0,130.0
VW,0.0,100,1.0,1.0,130.0
OS,0.01,2,-0.03989813242784379,0.013692307692307665,1.78
RDP,0.01,99,0.9889636905418828,0.5146153846153845,66.9
BU,0.01,97,0.9669348616775046,0.43153846153846126,56.1
BU,0.01,97,0.9669348616775046,0.43153846153846126,56.1
VW,0.01,99,0.9889636905418828,0.39684615384615385,51.59
OS,0.02,32,0.2562616209121733,0.041153846153846096,5.35
RDP,0.02,99,0.9889636905418828,0.3659999999999999,47.58
BU,0.02,91,0.901077159815344,0.33784615384615413,43.92
BU,0.02,91,0.901077159815344,0.33784615384615413,43.92
VW,0.02,98,0.9779298168174796,0.3077692307692307,40.01
OS,0.03,48,0.4276279581728124,0.06469230769230762,8.41
RDP,0.03,96,0.9559471365638766,0.281076923076923,36.54
BU,0.03,85,0.8352191585191695,0.28753846153846185,37.38
BU,0.03,85,0.8352191585191695,0.28753846153846185,37.38
VW,0.03,99,0.9889636905418828,0.26315384615384624,34.21
OS,0.04,70,0.6704745166959578,0.0916923076923076,11.92
RDP,0.04,95,0.9449339207048458,0.2306923076923076,29.99
BU,0.04,83,0.8128577719066491,0.25369230769230794,32.98
BU,0.04,83,0.8128577719066491,0.25369230769230794,32.98
VW,0.04,97,0.9669093315684977,0.23500000000000007,30.55
OS,0.05,80,0.7803404722679846,0.11307692307692292,14.7
RDP,0.05,92,0.9119136754018938,0.1964615384615384,25.54
BU,0.05,83,0.8128165602290245,0.22938461538461552,29.82
BU,0.05,83,0.8128165602290245,0.22938461538461552,29.82
VW,0.05,96,0.9558985667034179,0.215,27.95
OS,0.06,84,0.823769137570217,0.13107692307692292,17.04
RDP,0.06,92,0.9117874076524424,0.16692307692307676,21.7
BU,0.06,76,0.7352746525479814,0.20676923076923084,26.88
BU,0.06,76,0.7352746525479814,0.20676923076923084,26.88
VW,0.06,94,0.9339861370887886,0.19807692307692293,25.75
OS,0.07,85,0.835056080932483,0.14446153846153828,18.78
RDP,0.07,86,0.8457130262287855,0.14799999999999983,19.24
BU,0.07,73,0.7016574585635359,0.18953846153846152,24.64
BU,0.07,73,0.7016574585635359,0.18953846153846152,24.64
VW,0.07,91,0.9012724879333041,0.18399999999999989,23.92
OS,0.08,88,0.8680883807848742,0.1610769230769229,20.94
RDP,0.08,83,0.8124862122214869,0.13430769230769213,17.46
BU,0.08,64,0.6026928595077806,0.17569230769230756,22.84
BU,0.08,64,0.6026928595077806,0.17569230769230756,22.84
VW,0.08,91,0.9012724879333041,0.17438461538461517,22.67
OS,0.09,93,0.9228395061728395,0.17492307692307674,22.74
RDP,0.09,77,0.7461928934010152,0.12492307692307675,16.24
BU,0.09,60,0.5564918505377536,0.163230769230769,21.22
BU,0.09,60,0.5564918505377536,0.163230769230769,21.22
VW,0.09,86,0.8467265163126779,0.16376923076923053,21.29
OS,0.1,91,0.9008482978957806,0.1889999999999999,24.57
RDP,0.1,78,0.7577626073552081,0.11484615384615368,14.93
BU,0.1,55,0.5015507310589278,0.15138461538461517,19.68
BU,0.1,55,0.5015507310589278,0.15138461538461517,19.68
VW,0.1,85,0.8359759431383269,0.1565384615384613,20.35
OS,0.11,92,0.9117874076524424,0.19938461538461535,25.92
RDP,0.11,73,0.7031009456784694,0.10676923076923064,13.88
BU,0.11,50,0.4478798586572438,0.14199999999999982,18.46
BU,0.11,50,0.4478798586572438,0.14199999999999982,18.46
VW,0.11,85,0.8360297332750328,0.15053846153846132,19.57
OS,0.12,93,0.9229244659766571,0.21215384615384603,27.58
RDP,0.12,71,0.6820524065343713,0.0986923076923076,12.83
BU,0.12,46,0.4018608772707133,0.13323076923076907,17.32
BU,0.12,46,0.4018608772707133,0.13323076923076907,17.32
VW,0.12,84,0.824964445903074,0.14523076923076902,18.88
OS,0.13,94,0.9338697233550094,0.22369230769230763,29.08
RDP,0.13,64,0.6058681848040289,0.09123076923076916,11.86
BU,0.13,42,0.35975273208963465,0.12630769230769215,16.42
BU,0.13,42,0.35975273208963465,0.12630769230769215,16.42
VW,0.13,83,0.8140857392825896,0.1399999999999998,18.2
OS,0.14,95,0.9449339207048458,0.2354615384615384,30.61
RDP,0.14,55,0.5052770448548812,0.08315384615384608,10.81
BU,0.14,39,0.32671081677704206,0.12123076923076909,15.76
BU,0.14,39,0.32671081677704206,0.12123076923076909,15.76
VW,0.14,80,0.7813251694729937,0.13523076923076904,17.58
OS,0.15,97,0.9668947252262193,0.2456923076923077,31.94
RDP,0.15,50,0.451333260177768,0.07715384615384606,10.03
BU,0.15,38,0.3161261857489521,0.11353846153846138,14.76
BU,0.15,38,0.3161261857489521,0.11353846153846138,14.76
VW,0.15,78,0.7589305281612974,0.13107692307692292,17.04
OS,0.16,98,0.9779200706557739,0.25507692307692303,33.16
RDP,0.16,44,0.3879781420765027,0.0713846153846153,9.28
BU,0.16,37,0.3048659384309831,0.10861538461538442,14.12
BU,0.16,37,0.3048659384309831,0.10861538461538442,14.12
VW,0.16,76,0.7377335810293957,0.12753846153846138,16.58
OS,0.17,98,0.9779200706557739,0.26230769230769235,34.1
RDP,0.17,41,0.35603580004365865,0.06684615384615375,8.69
BU,0.17,33,0.262195793414822,0.10323076923076904,13.42
BU,0.17,33,0.262195793414822,0.10323076923076904,13.42
VW,0.17,75,0.7267759562841529,0.12369230769230753,16.08
OS,0.18,98,0.9779200706557739,0.2716923076923078,35.32
RDP,0.18,32,0.2579659537319946,0.06353846153846143,8.26
BU,0.18,30,0.2313604919292851,0.09938461538461521,12.92
BU,0.18,30,0.2313604919292851,0.09938461538461521,12.92
VW,0.18,74,0.7151621384750219,0.11923076923076907,15.5
OS,0.19,98,0.9779200706557739,0.27976923076923077,36.37
RDP,0.19,28,0.21259842519685035,0.05746153846153837,7.47
BU,0.19,28,0.22200306815691428,0.09553846153846138,12.42
BU,0.19,28,0.22200306815691428,0.09553846153846138,12.42
VW,0.19,69,0.6595277320153762,0.11515384615384598,14.97
OS,0.2,98,0.9779200706557739,0.2879230769230769,37.43
RDP,0.2,27,0.2022729756310786,0.05361538461538455,6.97
BU,0.2,30,0.23430321592649317,0.09092307692307677,11.82
BU,0.2,30,0.23430321592649317,0.09092307692307677,11.82
VW,0.2,68,0.6480035199648003,0.11199999999999985,14.56
OS,0.21,98,0.9779200706557739,0.2979999999999999,38.74
RDP,0.21,24,0.17552614449989157,0.048230769230769195,6.27
BU,0.21,30,0.23555749699683293,0.08646153846153833,11.24
BU,0.21,30,0.23555749699683293,0.08646153846153833,11.24
VW,0.21,69,0.6590409150901892,0.10823076923076907,14.07
OS,0.22,98,0.9779200706557739,0.30723076923076914,39.94
RDP,0.22,23,0.16702726092600606,0.044692307692307656,5.81
BU,0.22,30,0.23655796706292942,0.08338461538461527,10.84
BU,0.22,30,0.23655796706292942,0.08338461538461527,10.84
VW,0.22,67,0.6372430471584039,0.10546153846153832,13.71
OS,0.23,98,0.9779200706557739,0.3176923076923076,41.3
RDP,0.23,20,0.13550896909444565,0.04038461538461534,5.25
BU,0.23,28,0.21388797903701284,0.07999999999999989,10.4
BU,0.23,28,0.21388797903701284,0.07999999999999989,10.4
VW,0.23,67,0.6376413747666629,0.10215384615384603,13.28
OS,0.24,98,0.9779200706557739,0.32807692307692293,42.65
RDP,0.24,17,0.10685462175831273,0.03653846153846149,4.75
BU,0.24,26,0.19346049046321523,0.07492307692307681,9.74
BU,0.24,26,0.19346049046321523,0.07492307692307681,9.74
VW,0.24,67,0.6379196840026333,0.09969230769230758,12.96
OS,0.25,98,0.9779200706557739,0.3370000000000001,43.81
RDP,0.25,13,0.07021481243988448,0.03030769230769228,3.94
BU,0.25,25,0.18300653594771243,0.07199999999999991,9.36
BU,0.25,25,0.18300653594771243,0.07199999999999991,9.36
VW,0.25,64,0.6044825313117996,0.09746153846153835,12.67
OS,0.26,98,0.9779200706557739,0.3466923076923078,45.07
RDP,0.26,11,0.05228410179959542,0.02746153846153844,3.57
BU,0.26,25,0.18566775244299683,0.06830769230769224,8.88
BU,0.26,25,0.18566775244299683,0.06830769230769224,8.88
VW,0.26,63,0.5937637241985068,0.09538461538461523,12.4
OS,0.27,99,0.9889636905418828,0.35684615384615376,46.39
RDP,0.27,9,0.035506094329623705,0.02484615384615383,3.23
BU,0.27,25,0.18743228602383533,0.06492307692307685,8.44
BU,0.27,25,0.18743228602383533,0.06492307692307685,8.44
VW,0.27,60,0.5617398926262738,0.09353846153846139,12.16
OS,0.28,99,0.9889636905418828,0.36607692307692297,47.59
RDP,0.28,11,0.05949487477544113,0.021153846153846145,2.75
BU,0.28,24,0.1781118200497459,0.06269230769230762,8.15
BU,0.28,24,0.1781118200497459,0.06269230769230762,8.15
VW,0.28,57,0.5397260273972603,0.09038461538461524,11.75
OS,0.29,99,0.9889636905418828,0.37315384615384595,48.51
RDP,0.29,10,0.05303030303030298,0.019615384615384607,2.55
BU,0.29,23,0.1699902985879055,0.06038461538461532,7.85
BU,0.29,23,0.1699902985879055,0.06038461538461532,7.85
VW,0.29,56,0.5277320153761669,0.08807692307692294,11.45
OS,0.3,99,0.9889636905418828,0.3806923076923075,49.49
RDP,0.3,10,0.05462184873949594,0.017384615384615373,2.26
BU,0.3,22,0.15984489444205086,0.05792307692307685,7.53
BU,0.3,22,0.15984489444205086,0.05792307692307685,7.53
VW,0.3,55,0.5060915377016794,0.08599999999999987,11.18
OS,0.31,99,0.9889636905418828,0.39015384615384613,50.72
RDP,0.31,9,0.04622157006603078,0.015615384615384602,2.03
BU,0.31,19,0.12781307203617964,0.055769230769230696,7.25
BU,0.31,19,0.12781307203617964,0.055769230769230696,7.25
VW,0.31,54,0.49283351708930545,0.08423076923076911,10.95
OS,0.32,99,0.9889636905418828,0.39738461538461534,51.66
RDP,0.32,8,0.038963752219784764,0.013999999999999983,1.82
BU,0.32,20,0.13625566832217673,0.053307692307692243,6.93
BU,0.32,20,0.13625566832217673,0.053307692307692243,6.93
VW,0.32,51,0.45993607406590997,0.08269230769230758,10.75
OS,0.33,99,0.9889636905418828,0.4062307692307692,52.81
RDP,0.33,7,0.030543104346919647,0.012999999999999982,1.69
BU,0.33,20,0.13569576490924806,0.050384615384615306,6.55
BU,0.33,20,0.13569576490924806,0.050384615384615306,6.55
VW,0.33,49,0.43882042253521125,0.08099999999999989,10.53
OS,0.34,99,0.9889636905418828,0.41330769230769215,53.73
RDP,0.34,7,0.034067303697548956,0.011461538461538445,1.49
BU,0.34,19,0.12526997840172782,0.048692307692307625,6.33
BU,0.34,19,0.12526997840172782,0.048692307692307625,6.33
VW,0.34,46,0.40613658858462554,0.07876923076923066,10.24
OS,0.35000000000000003,99,0.9889636905418828,0.4216153846153844,54.81
RDP,0.35000000000000003,5,0.014318323303589953,0.010076923076923063,1.31
BU,0.35000000000000003,20,0.1351351351351351,0.0474615384615384,6.17
BU,0.35000000000000003,20,0.1351351351351351,0.0474615384615384,6.17
VW,0.35000000000000003,46,0.4065281899109793,0.07715384615384606,10.03
OS,0.36,99,0.9889636905418828,0.43138461538461526,56.08
RDP,0.36,2,-0.01438774453990277,0.009307692307692291,1.21
BU,0.36,21,0.14576124567474036,0.04607692307692301,5.99
BU,0.36,21,0.14576124567474036,0.04607692307692301,5.99
VW,0.36,44,0.3851559068950373,0.07592307692307682,9.87
OS,0.37,99,0.9889636905418828,0.43799999999999994,56.94
RDP,0.37,2,-0.01449275362318847,0.008999999999999982,1.17
BU,0.37,20,0.13504162612174286,0.04530769230769224,5.89
BU,0.37,20,0.13504162612174286,0.04530769230769224,5.89
VW,0.37,44,0.3858975764886501,0.07446153846153837,9.68
OS,0.38,99,0.9889636905418828,0.4465384615384616,58.05
RDP,0.38,2,-0.01449275362318847,0.008999999999999982,1.17
BU,0.38,20,0.1377452037076956,0.044230769230769164,5.75
BU,0.38,20,0.1377452037076956,0.044230769230769164,5.75
VW,0.38,44,0.38650306748466257,0.07338461538461528,9.54
OS,0.39,99,0.9889636905418828,0.4547692307692307,59.12
RDP,0.39,2,-0.01449275362318847,0.008999999999999982,1.17
BU,0.39,20,0.13634891503832447,0.0434615384615384,5.65
BU,0.39,20,0.13634891503832447,0.0434615384615384,5.65
VW,0.39,42,0.3645228443080969,0.07184615384615375,9.34
OS,0.4,99,0.9889636905418828,0.4638461538461538,60.3
RDP,0.4,2,-0.014177791576115206,0.008923076923076905,1.16
BU,0.4,20,0.13625566832217673,0.04207692307692302,5.47
BU,0.4,20,0.13625566832217673,0.04207692307692302,5.47
VW,0.4,42,0.3645228443080969,0.07130769230769221,9.27
OS,0.41000000000000003,99,0.9889636905418828,0.47223076923076923,61.39
RDP,0.41000000000000003,2,-0.01407284768211925,0.008846153846153828,1.15
BU,0.41000000000000003,20,0.13625566832217673,0.04176923076923071,5.43
BU,0.41000000000000003,20,0.13625566832217673,0.04176923076923071,5.43
VW,0.41000000000000003,40,0.34196095635007673,0.06984615384615375,9.08
OS,0.42,99,0.9889636905418828,0.4809230769230769,62.52
RDP,0.42,2,-0.01407284768211925,0.008846153846153828,1.15
BU,0.42,20,0.1377452037076956,0.04099999999999993,5.33
BU,0.42,20,0.1377452037076956,0.04099999999999993,5.33
VW,0.42,37,0.30837633110110885,0.06823076923076914,8.87
OS,0.43,99,0.9889636905418828,0.48992307692307696,63.69
RDP,0.43,2,-0.01407284768211925,0.008846153846153828,1.15
BU,0.43,19,0.1288449128844913,0.03946153846153841,5.13
BU,0.43,19,0.1288449128844913,0.03946153846153841,5.13
VW,0.43,37,0.30837633110110885,0.06707692307692299,8.72
OS,0.44,99,0.9889636905418828,0.49800000000000005,64.74
RDP,0.44,2,-0.01407284768211925,0.008846153846153828,1.15
BU,0.44,16,0.09628832705755797,0.03823076923076918,4.97
BU,0.44,16,0.09628832705755797,0.03823076923076918,4.97
VW,0.44,38,0.3187561806394902,0.06615384615384606,8.6
OS,0.45,99,0.9889636905418828,0.5073846153846153,65.96
RDP,0.45,2,-0.01407284768211925,0.008846153846153828,1.15
BU,0.45,16,0.09550985248196409,0.037923076923076865,4.93
BU,0.45,16,0.09550985248196409,0.037923076923076865,4.93
VW,0.45,36,0.2973981776265232,0.06546153846153838,8.51
OS,0.46,99,0.9889636905418828,0.5155384615384616,67.02
RDP,0.46,2,-0.01407284768211925,0.008846153846153828,1.15
BU,0.46,17,0.10512129380053903,0.0371538461538461,4.83
BU,0.46,17,0.10512129380053903,0.0371538461538461,4.83
VW,0.46,34,0.27232635060639476,0.0646923076923076,8.41
OS,0.47000000000000003,99,0.9889636905418828,0.5243076923076925,68.16
RDP,0.47000000000000003,2,-0.013863025036209509,0.008769230769230751,1.14
BU,0.47000000000000003,17,0.10618134826620718,0.03638461538461534,4.73
BU,0.47000000000000003,17,0.10618134826620718,0.03638461538461534,4.73
VW,0.47000000000000003,33,0.2607304424583472,0.06361538461538452,8.27
OS,0.48,99,0.9889636905418828,0.5334615384615388,69.35
RDP,0.48,2,-0.013863025036209509,0.008769230769230751,1.14
BU,0.48,18,0.11733046286329396,0.03561538461538457,4.63
BU,0.48,18,0.11733046286329396,0.03561538461538457,4.63
VW,0.48,32,0.24994484888594748,0.062461538461538374,8.12
OS,0.49,99,0.9889636905418828,0.5433846153846156,70.64
RDP,0.49,2,-0.013863025036209509,0.008769230769230751,1.14
BU,0.49,18,0.11695024768468665,0.034999999999999955,4.55
BU,0.49,18,0.11695024768468665,0.034999999999999955,4.55
VW,0.49,30,0.22771403353927622,0.061769230769230674,8.03
OS,0.5,99,0.9889636905418828,0.5543846153846158,72.07
RDP,0.5,2,-0.01354845382149139,0.008692307692307673,1.13
BU,0.5,16,0.09463246389308044,0.03423076923076919,4.45
BU,0.5,16,0.09463246389308044,0.03423076923076919,4.45
VW,0.5,27,0.19426048565121423,0.06053846153846144,7.87
OS,0.51,100,1.0,0.5656153846153852,73.53
RDP,0.51,1,-0.02198823165066588,0.008615384615384596,1.12
BU,0.51,15,0.08405172413793116,0.03346153846153842,4.35
BU,0.51,15,0.08405172413793116,0.03346153846153842,4.35
VW,0.51,26,0.18340322224674466,0.059230769230769136,7.7
OS,0.52,100,1.0,0.5746923076923078,74.71
RDP,0.52,1,-0.02198823165066588,0.008615384615384596,1.12
BU,0.52,14,0.07357535279543248,0.03269230769230765,4.25
BU,0.52,14,0.07357535279543248,0.03269230769230765,4.25
VW,0.52,26,0.1820492981098707,0.05815384615384606,7.56
OS,0.53,100,1.0,0.583,75.79
RDP,0.53,1,-0.02198823165066588,0.008615384615384596,1.12
BU,0.53,14,0.07506990750699083,0.03192307692307688,4.15
BU,0.53,14,0.07506990750699083,0.03192307692307688,4.15
VW,0.53,25,0.171636845593108,0.05761538461538453,7.49
OS,0.54,100,1.0,0.5922307692307691,76.99
RDP,0.54,0,-0.030396702730551395,0.008538461538461519,1.11
BU,0.54,14,0.07536823997419628,0.03099999999999996,4.03
BU,0.54,14,0.07536823997419628,0.03099999999999996,4.03
VW,0.54,24,0.16142557651991607,0.05707692307692299,7.42
OS,0.55,100,1.0,0.6013076923076924,78.17
RDP,0.55,0,-0.030396702730551395,0.008538461538461519,1.11
BU,0.55,13,0.06612279948475741,0.030230769230769193,3.93
BU,0.55,13,0.06612279948475741,0.030230769230769193,3.93
VW,0.55,23,0.15207576258121358,0.056461538461538376,7.34
OS,0.56,100,1.0,0.6098461538461538,79.28
RDP,0.56,0,-0.030396702730551395,0.008538461538461519,1.11
BU,0.56,13,0.06722418784174977,0.02930769230769227,3.81
BU,0.56,13,0.06722418784174977,0.02930769230769227,3.81
VW,0.56,22,0.14077990746860547,0.05592307692307683,7.27
OS,0.5700000000000001,100,1.0,0.6187692307692305,80.44
RDP,0.5700000000000001,0,-0.030396702730551395,0.008538461538461519,1.11
BU,0.5700000000000001,13,0.06692406692406683,0.028538461538461502,3.71
BU,0.5700000000000001,13,0.06692406692406683,0.028538461538461502,3.71
VW,0.5700000000000001,21,0.12966839264074048,0.055384615384615296,7.2
OS,0.58,100,1.0,0.6274615384615386,81.57
RDP,0.58,0,-0.02944204241301218,0.008461538461538442,1.1
BU,0.58,12,0.055185741893923,0.028076923076923044,3.65
BU,0.58,12,0.055185741893923,0.028076923076923044,3.65
VW,0.58,21,0.12966839264074048,0.05515384615384605,7.17
OS,0.59,100,1.0,0.6376153846153848,82.89
RDP,0.59,0,-0.027749229188078095,0.008230769230769213,1.07
BU,0.59,12,0.05640145828865528,0.02699999999999996,3.51
BU,0.59,12,0.05640145828865528,0.02699999999999996,3.51
VW,0.59,21,0.12966839264074048,0.05415384615384606,7.04
OS,0.6,100,1.0,0.6465384615384617,84.05
RDP,0.6,0,-0.027749229188078095,0.008230769230769213,1.07
BU,0.6,12,0.05640145828865528,0.026846153846153808,3.49
BU,0.6,12,0.05640145828865528,0.026846153846153808,3.49
VW,0.6,20,0.1177767975297751,0.053461538461538366,6.95
OS,0.61,100,1.0,0.6556923076923076,85.24
RDP,0.61,0,-0.026272577996715896,0.00807692307692306,1.05
BU,0.61,12,0.05640145828865528,0.026846153846153808,3.49
BU,0.61,12,0.05640145828865528,0.026846153846153808,3.49
VW,0.61,20,0.11816578483245144,0.05261538461538453,6.84
OS,0.62,100,1.0,0.6631538461538463,86.21
RDP,0.62,0,-0.026272577996715896,0.00807692307692306,1.05
BU,0.62,12,0.056704898702969464,0.0265384615384615,3.45
BU,0.62,12,0.056704898702969464,0.0265384615384615,3.45
VW,0.62,20,0.11903975333113093,0.05230769230769221,6.8
OS,0.63,100,1.0,0.6725384615384616,87.43
RDP,0.63,0,-0.025325540859222784,0.007999999999999983,1.04
BU,0.63,12,0.05630026809651478,0.02638461538461535,3.43
BU,0.63,12,0.05630026809651478,0.02638461538461535,3.43
VW,0.63,20,0.12039582188015385,0.051769230769230686,6.73
OS,0.64,100,1.0,0.6816153846153847,88.61
RDP,0.64,0,-0.025325540859222784,0.007999999999999983,1.04
BU,0.64,12,0.05630026809651478,0.02638461538461535,3.43
BU,0.64,12,0.05630026809651478,0.02638461538461535,3.43
VW,0.64,19,0.10949868073878632,0.05069230769230761,6.59
OS,0.65,100,1.0,0.6911538461538461,89.85
RDP,0.65,0,-0.024380249948781074,0.007923076923076906,1.03
BU,0.65,12,0.05630026809651478,0.02638461538461535,3.43
BU,0.65,12,0.05630026809651478,0.02638461538461535,3.43
VW,0.65,18,0.09998902425639333,0.049615384615384533,6.45
OS,0.66,100,1.0,0.7005384615384617,91.07
RDP,0.66,0,-0.024380249948781074,0.007923076923076906,1.03
BU,0.66,12,0.05690708391383559,0.026076923076923043,3.39
BU,0.66,12,0.05690708391383559,0.026076923076923043,3.39
VW,0.66,18,0.10136986301369866,0.04907692307692299,6.38
OS,0.67,100,1.0,0.7083076923076923,92.08
RDP,0.67,0,-0.02343670044007795,0.007846153846153829,1.02
BU,0.67,12,0.05731119442956634,0.02592307692307689,3.37
BU,0.67,12,0.05731119442956634,0.02592307692307689,3.37
VW,0.67,18,0.10186199342825841,0.048538461538461454,6.31
OS,0.68,100,1.0,0.7178461538461538,93.32
RDP,0.68,0,-0.022913256955810146,0.007769230769230751,1.01
BU,0.68,11,0.04659882163899309,0.025461538461538424,3.31
BU,0.68,11,0.04659882163899309,0.025461538461538424,3.31
VW,0.68,19,0.1152375750955762,0.04776923076923069,6.21
OS,0.6900000000000001,100,1.0,0.7279230769230769,94.63
RDP,0.6900000000000001,0,-0.022913256955810146,0.007769230769230751,1.01
BU,0.6900000000000001,11,0.04659882163899309,0.025461538461538424,3.31
BU,0.6900000000000001,11,0.04659882163899309,0.025461538461538424,3.31
VW,0.6900000000000001,17,0.09289617486338797,0.04653846153846146,6.05
OS,0.7000000000000001,100,1.0,0.735923076923077,95.67
RDP,0.7000000000000001,0,-0.02197240674501777,0.007692307692307674,1.0
BU,0.7000000000000001,11,0.04659882163899309,0.025461538461538424,3.31
BU,0.7000000000000001,11,0.04659882163899309,0.025461538461538424,3.31
VW,0.7000000000000001,17,0.09319348847372444,0.04584615384615377,5.96
OS,0.71,100,1.0,0.7452307692307695,96.88
RDP,0.71,0,-0.02197240674501777,0.007692307692307674,1.0
BU,0.71,11,0.04700717421565481,0.025153846153846117,3.27
BU,0.71,11,0.04700717421565481,0.025153846153846117,3.27
VW,0.71,17,0.09319348847372444,0.04515384615384608,5.87
OS,0.72,100,1.0,0.7545384615384616,98.09
RDP,0.72,0,-0.02197240674501777,0.007692307692307674,1.0
BU,0.72,10,0.038666951506088454,0.024538461538461506,3.19
BU,0.72,10,0.038666951506088454,0.024538461538461506,3.19
VW,0.72,18,0.10382513661202186,0.04453846153846147,5.79
OS,0.73,100,1.0,0.7633846153846154,99.24
RDP,0.73,0,-0.02197240674501777,0.007692307692307674,1.0
BU,0.73,10,0.03928266438941086,0.024230769230769198,3.15
BU,0.73,10,0.03928266438941086,0.024230769230769198,3.15
VW,0.73,18,0.10421673585317881,0.0437692307692307,5.69
OS,0.74,100,1.0,0.772230769230769,100.39
RDP,0.74,0,-0.02197240674501777,0.007692307692307674,1.0
BU,0.74,10,0.03928266438941086,0.024076923076923044,3.13
BU,0.74,10,0.03928266438941086,0.024076923076923044,3.13
VW,0.74,18,0.10421673585317881,0.04353846153846147,5.66
OS,0.75,100,1.0,0.7794615384615383,101.33
RDP,0.75,0,-0.02197240674501777,0.007692307692307674,1.0
BU,0.75,10,0.0404094253118672,0.023615384615384583,3.07
BU,0.75,10,0.0404094253118672,0.023615384615384583,3.07
VW,0.75,19,0.11601004037978824,0.04292307692307686,5.58
OS,0.76,100,1.0,0.788153846153846,102.46
RDP,0.76,0,-0.02197240674501777,0.007692307692307674,1.0
BU,0.76,10,0.0404094253118672,0.023461538461538426,3.05
BU,0.76,10,0.0404094253118672,0.023461538461538426,3.05
VW,0.76,18,0.10470575390326453,0.042384615384615326,5.51
OS,0.77,100,1.0,0.796076923076923,103.49
RDP,0.77,0,-0.02197240674501777,0.007692307692307674,1.0
BU,0.77,8,0.02106831240689533,0.022692307692307664,2.95
BU,0.77,8,0.02106831240689533,0.022692307692307664,2.95
VW,0.77,18,0.10626702997275206,0.041384615384615325,5.38
OS,0.78,100,1.0,0.8048461538461538,104.63
RDP,0.78,0,-0.02197240674501777,0.007692307692307674,1.0
BU,0.78,8,0.022732101125982562,0.022384615384615357,2.91
BU,0.78,8,0.022732101125982562,0.022384615384615357,2.91
VW,0.78,18,0.10665649852925152,0.041230769230769175,5.36
OS,0.79,100,1.0,0.814461538461538,105.88
RDP,0.79,0,-0.02197240674501777,0.007692307692307674,1.0
BU,0.79,8,0.022732101125982562,0.022384615384615357,2.91
BU,0.79,8,0.022732101125982562,0.022384615384615357,2.91
VW,0.79,18,0.10577971646673945,0.04084615384615379,5.31
OS,0.8,100,1.0,0.8239230769230766,107.11
RDP,0.8,0,-0.02197240674501777,0.007692307692307674,1.0
BU,0.8,8,0.023147165003185477,0.022230769230769207,2.89
BU,0.8,8,0.023147165003185477,0.022230769230769207,2.89
VW,0.8,18,0.10587722167702529,0.04053846153846148,5.27
OS,0.81,100,1.0,0.8328461538461537,108.27
RDP,0.81,0,-0.02197240674501777,0.007692307692307674,1.0
BU,0.81,7,0.013994910941475869,0.021769230769230742,2.83
BU,0.81,7,0.013994910941475869,0.021769230769230742,2.83
VW,0.81,18,0.10646180669063943,0.040230769230769174,5.23
OS,0.8200000000000001,100,1.0,0.8425384615384615,109.53
RDP,0.8200000000000001,0,-0.02197240674501777,0.007692307692307674,1.0
BU,0.8200000000000001,7,0.014203943184227463,0.02130769230769228,2.77
BU,0.8200000000000001,7,0.014203943184227463,0.02130769230769228,2.77
VW,0.8200000000000001,18,0.10548707319733819,0.039769230769230716,5.17
OS,0.8300000000000001,100,1.0,0.8529999999999999,110.89
RDP,0.8300000000000001,0,-0.02197240674501777,0.007692307692307674,1.0
BU,0.8300000000000001,7,0.014517325421214422,0.02084615384615382,2.71
BU,0.8300000000000001,7,0.014517325421214422,0.02084615384615382,2.71
VW,0.8300000000000001,18,0.10577971646673945,0.03938461538461533,5.12
OS,0.84,100,1.0,0.8614615384615383,111.99
RDP,0.84,0,-0.02197240674501777,0.007692307692307674,1.0
BU,0.84,7,0.014517325421214422,0.02084615384615382,2.71
BU,0.84,7,0.014517325421214422,0.02084615384615382,2.71
VW,0.84,18,0.10577971646673945,0.03923076923076918,5.1
OS,0.85,100,1.0,0.870076923076923,113.11
RDP,0.85,0,-0.02197240674501777,0.007692307692307674,1.0
BU,0.85,7,0.015456277789540618,0.020692307692307666,2.69
BU,0.85,7,0.015456277789540618,0.020692307692307666,2.69
VW,0.85,18,0.10577971646673945,0.03907692307692303,5.08
OS,0.86,100,1.0,0.878307692307692,114.18
RDP,0.86,0,-0.02197240674501777,0.007692307692307674,1.0
BU,0.86,6,0.005922165820643199,0.020076923076923055,2.61
BU,0.86,6,0.005922165820643199,0.020076923076923055,2.61
VW,0.86,18,0.10577971646673945,0.03876923076923072,5.04
OS,0.87,100,1.0,0.8849230769230769,115.04
RDP,0.87,0,-0.02197240674501777,0.007692307692307674,1.0
BU,0.87,6,0.005922165820643199,0.019923076923076898,2.59
BU,0.87,6,0.005922165820643199,0.019923076923076898,2.59
VW,0.87,18,0.10655916321638703,0.038538461538461494,5.01
OS,0.88,100,1.0,0.8939230769230764,116.21
RDP,0.88,0,-0.02197240674501777,0.007692307692307674,1.0
BU,0.88,6,0.006552525893045891,0.019769230769230744,2.57
BU,0.88,6,0.006552525893045891,0.019769230769230744,2.57
VW,0.88,17,0.09615594032451269,0.03838461538461533,4.99
OS,0.89,100,1.0,0.9019230769230764,117.25
RDP,0.89,0,-0.02197240674501777,0.007692307692307674,1.0
BU,0.89,6,0.007915567282322011,0.019461538461538436,2.53
BU,0.89,6,0.007915567282322011,0.019461538461538436,2.53
VW,0.89,16,0.0838695604755153,0.03792307692307687,4.93
OS,0.9,100,1.0,0.9099230769230762,118.29
RDP,0.9,0,-0.02197240674501777,0.007692307692307674,1.0
BU,0.9,6,0.009274873524451999,0.018999999999999975,2.47
BU,0.9,6,0.009274873524451999,0.018999999999999975,2.47
VW,0.9,15,0.07417492647859714,0.03730769230769226,4.85
OS,0.91,100,1.0,0.9171538461538461,119.23
RDP,0.91,0,-0.02197240674501777,0.007692307692307674,1.0
BU,0.91,6,0.009274873524451999,0.018999999999999975,2.47
BU,0.91,6,0.009274873524451999,0.018999999999999975,2.47
VW,0.91,16,0.08516663036375527,0.03692307692307687,4.8
OS,0.92,100,1.0,0.924461538461538,120.18
RDP,0.92,0,-0.02197240674501777,0.007692307692307674,1.0
BU,0.92,6,0.009274873524451999,0.018846153846153825,2.45
BU,0.92,6,0.009274873524451999,0.018846153846153825,2.45
VW,0.92,16,0.08636067000217529,0.036615384615384564,4.76
OS,0.93,100,1.0,0.9317692307692306,121.13
RDP,0.93,0,-0.02197240674501777,0.007692307692307674,1.0
BU,0.93,6,0.009379281273053208,0.018692307692307668,2.43
BU,0.93,6,0.009379281273053208,0.018692307692307668,2.43
VW,0.93,15,0.0753834439247254,0.03599999999999995,4.68
OS,0.9400000000000001,100,1.0,0.9391538461538458,122.09
RDP,0.9400000000000001,0,-0.02197240674501777,0.007692307692307674,1.0
BU,0.9400000000000001,6,0.009379281273053208,0.018692307692307668,2.43
BU,0.9400000000000001,6,0.009379281273053208,0.018692307692307668,2.43
VW,0.9400000000000001,16,0.08616187989556157,0.03561538461538456,4.63
OS,0.9500000000000001,100,1.0,0.9478461538461537,123.22
RDP,0.9500000000000001,0,-0.02197240674501777,0.007692307692307674,1.0
BU,0.9500000000000001,5,-0.000210570646451691,0.018538461538461518,2.41
BU,0.9500000000000001,5,-0.000210570646451691,0.018538461538461518,2.41
VW,0.9500000000000001,15,0.07578558225508314,0.03499999999999995,4.55
OS,0.96,100,1.0,0.9549230769230763,124.14
RDP,0.96,0,-0.02197240674501777,0.007692307692307674,1.0
BU,0.96,5,0.0007362995687387741,0.01838461538461536,2.39
BU,0.96,5,0.0007362995687387741,0.01838461538461536,2.39
VW,0.96,15,0.07658881042911458,0.034076923076923026,4.43
OS,0.97,100,1.0,0.9623076923076916,125.1
RDP,0.97,0,-0.02197240674501777,0.007692307692307674,1.0
BU,0.97,5,0.0007362995687387741,0.01838461538461536,2.39
BU,0.97,5,0.0007362995687387741,0.01838461538461536,2.39
VW,0.97,15,0.07658881042911458,0.03376923076923072,4.39
OS,0.98,100,1.0,0.9700769230769228,126.11
RDP,0.98,0,-0.02197240674501777,0.007692307692307674,1.0
BU,0.98,4,-0.007556675062972307,0.018076923076923056,2.35
BU,0.98,4,-0.007556675062972307,0.018076923076923056,2.35
VW,0.98,15,0.07658881042911458,0.03376923076923072,4.39
OS,1000.0,100,1.0,1.0,130.0
RDP,1000.0,0,-0.02197240674501777,0.007692307692307674,1.0
BU,1000.0,0,-0.02197240674501777,0.007692307692307674,1.0
BU,1000.0,0,-0.02197240674501777,0.007692307692307674,1.0
VW,1000.0,0,-0.02197240674501777,0.007692307692307674,1.0
