1	1.781622	1.641665	1.5139373	1.3943625	1.2820346	1.174689	1.0705139	0.97041528	0.87394012	0.7806355	0.69367197	0.61440833	0.53967405	0.46946912	0.40379353	0.34174143	0.28648336	0.23847224	0.19680222	0.16011448	0.12614435	0.092627154	0.06273344	0.042804298	0.029216246	0.016987	0.0015872083	-0.012000843	-0.016077259	-0.0056597525	0.021063415	0.069980401	0.15196165	0.27515998	0.4640339	0.7729356	1.2598408	1.8445799	2.060177	1.5628543	0.86669316	0.38748787	0.14199707	0.041898428	0.029216246.1	0.078133232	0.17687307	0.30188315	0.39337603	0.36121764	0.19499048	-0.0047538824	-0.15648712	-0.24979174	-0.30052047	-0.32814951	-0.34671985	-0.36393138	-0.38204878	-0.39971325	-0.41873652	-0.44138327	-0.46584176	-0.48848852	-0.50434124	-0.51339994	-0.51974104	-0.52789387	-0.54057605	-0.55506997	-0.56548748	-0.57046976	-0.57364031	-0.57545205	-0.57545205.1	-0.57454618	-0.5722815	-0.56729922	-0.56050519	-0.55280529	-0.5451054	-0.53876431	-0.53378202	-0.52879974	-0.52336452	-0.5179293	-0.5115882	-0.50570005	-0.50026483	-0.49618841	-0.49120613	-0.48486504	-0.47580634	-0.46221828	-0.44455382	-0.42326587	-0.39926031	-0.38068997	-0.3797841	-0.39473096	-0.41194249	-0.42236	-0.42643641	-0.42598348	-0.42236.1	-0.4146601	-0.40378966	-0.39110748	-0.38068997.1	-0.37208421	-0.36438431	-0.35894909	-0.35804322	-0.36347844	-0.37706649	-0.3951839	-0.41148956	-0.42643641.1	-0.43775979	-0.44228914	-0.44093034	-0.43323044	-0.40967782	-0.3603079	-0.30459689	-0.26926795	-0.25115055	-0.25930338	-0.27742078	-0.28693242	-0.28376187	-0.27153263	-0.25794458	-0.24752707	-0.24390359	-0.25250936	-0.26655034	-0.28738535	-0.31501439	-0.34128463	-0.36664899	-0.36981953	-0.34581398	-0.30278515	-0.28330894	-0.34173756	-0.40786608	-0.46221828.1	-0.49301787	-0.50977646	-0.51430581	-0.50841766	-0.50887059	-0.52245865	-0.53967018	-0.54737007	-0.54737007.1	-0.53831137	-0.526988	-0.51430581.1	-0.49573548	-0.47852395	-0.46357709	-0.44636556	-0.42598348.1	-0.40061912	-0.37163127	-0.33901995	-0.30822037	-0.26790915	-0.21853923	-0.15784593	-0.084923386	-0.0269477	0.061374635	0.14562055	0.26293073	0.37661743	0.50615685	0.65154901	0.81596443	1.000309	1.2054886	1.4269738	1.6751822	1.9152378	2.1593698	2.4279603	2.6376692	2.8573427	2.9905056	3.0548224	3.1195921	3.0983042	2.9479297	2.8070669	2.6227223	2.5185473	2.3169912	2.1004882	1.8613385	1.614036	1.376698	1.1457011	0.85854032	0.65336075	0.45588106	0.23031941	0.0043048186	-0.17233985	-0.34536104	-0.492112	-0.6510922	-0.80056077	-0.9056417	-1.0129873	-1.1094625	-1.2208845	-1.3024128	-1.384847	-1.4523343	-1.5225392	-1.5755326	-1.6239967	-1.6701961	-1.7096014	-1.7449303	-1.7829769	-1.8106059	-1.8373291	-1.8608817	-1.8803579	-1.9011929	-1.9188574
1	1.7769367	1.6366101	1.5106301	1.3922716	1.2801897	1.1734878	1.0708208	0.97174038	0.87534995	0.78254615	0.69781225	0.61845827	0.5440359	0.47320015	0.40595101	0.34542679	0.29073083	0.24231146	0.20016867	0.16206083	0.12619462	0.093018386	0.063877096	0.041460718	0.025769254	0.0118711	-0.005613674	-0.020856811	-0.026236741	-0.019511828	0.0020078943	0.045943994	0.12036637	0.23513822	0.41088262	0.69646726	1.1506231	1.700721	1.9136766	1.4514509	0.7915127	0.33780523	0.10691654	0.010974445	-0.0038203638	0.041012391	0.13247121	0.24858804	0.33377028	0.30328401	0.14636936	-0.041479878	-0.18270305	-0.26878194	-0.31585634	-0.34096268	-0.35620582	-0.36965564	-0.38534711	-0.4014869	-0.41942	-0.44183638	-0.46694272	-0.48980742	-0.50684387	-0.51670708	-0.52343199	-0.53150189	-0.54360673	-0.55660823	-0.56602311	-0.57095471	-0.57319635	-0.57454133	-0.57588631	-0.57588631	-0.57319635	-0.56960973	-0.56378147	-0.55705656	-0.55033164	-0.54450338	-0.53867513	-0.5332952	-0.52836359	-0.52253533	-0.5171554	-0.51177547	-0.5072922	-0.50370558	-0.50011896	-0.49518735	-0.48801411	-0.47680593	-0.46111446	-0.44049139	-0.41673003	-0.3983486	-0.39700362	-0.41090178	-0.42659324	-0.43645645	-0.44004307	-0.43824976	-0.43331815	-0.42479993	-0.41359174	-0.4014869	-0.39072704	-0.38131216	-0.37413892	-0.36965564	-0.37010397	-0.37593223	-0.3884854	-0.40462519	-0.41986833	-0.43376648	-0.44318136	-0.44766463	-0.44721631	-0.43959474	-0.41807502	-0.37279393	-0.32123627	-0.2876117	-0.26923027	-0.27595518	-0.29119832	-0.29837156	-0.29299163	-0.2795418	-0.26519532	-0.25398713	-0.2486072	-0.25622877	-0.26923027	-0.28806003	-0.31495968	-0.34141101	-0.36606902	-0.36920731	-0.34723926	-0.30599313	-0.28626672	-0.34006602	-0.4014869	-0.45080293	-0.4812892	-0.49877397	-0.50325725	-0.49787732	-0.49742899	-0.50953384	-0.52432865	-0.53060523	-0.52926025	-0.51984537	-0.50908551	-0.49608401	-0.47590927	-0.45752784	-0.44049139	-0.41942	-0.39386533	-0.36293073	-0.32930616	-0.29164665	-0.25712543	-0.21318933	-0.16207999	-0.10065911	-0.024891758	0.033390823	0.12350466	0.20868689	0.32570038	0.43867892	0.56734893	0.71036542	0.87221166	1.0524393	1.2528417	1.4725222	1.7177574	1.9549227	2.1961229	2.4615328	2.6731434	2.8905823	3.0214939	3.0856048	3.1501639	3.1349208	2.9744195	2.8210915	2.6350356	2.5350585	2.3346561	2.1136306	1.8688438	1.6195737	1.3828567	1.1528647	0.86010682	0.65073785	0.45168042	0.2234817	-0.005613674	-0.18359971	-0.35665414	-0.50101561	-0.65748193	-0.80453336	-0.90720037	-1.0116607	-1.1053611	-1.2138564	-1.2923137	-1.372116	-1.4366752	-1.506166	-1.5586203	-1.606143	-1.6518724	-1.6913252	-1.7262948	-1.7639543	-1.7913023	-1.8182019	-1.8410666	-1.8603447	-1.8814161	-1.8993492
1	1.7740801	1.6351396	1.5078899	1.3887339	1.2772218	1.1715551	1.0667877	0.96651679	0.87209124	0.78081321	0.69403163	0.61354509	0.53935359	0.46785996	0.40266136	0.34195923	0.28575354	0.23854077	0.19627409	0.15850387	0.12433082	0.090607406	0.06138045	0.039347822	0.024509521	0.011020157	-0.0060663708	-0.020904671	-0.026750063	-0.020904671	0.0020272478	0.047891086	0.12433082	0.2398897	0.41749967	0.70572241	1.1625622	1.7169751	1.9319056	1.4656233	0.80239619	0.34600603	0.11174074	0.015516612	0.0011279568	0.045642859	0.13782018	0.25517765	0.34016064	0.30913511	0.15310813	-0.035742972	-0.17873023	-0.26506216	-0.31137565	-0.33655579	-0.35184374	-0.36578275	-0.38196999	-0.39860687	-0.41749198	-0.44132319	-0.46740263	-0.49078419	-0.50742107	-0.51731327	-0.52360831	-0.53170193	-0.54384236	-0.55733172	-0.56722392	-0.57172038	-0.57351896	-0.57531754	-0.57666648	-0.57621683	-0.57351896	-0.56992179	-0.5640764	-0.55688208	-0.54968775	-0.54339271	-0.53754732	-0.53305087	-0.52810477	-0.52270902	-0.51641398	-0.51146788	-0.50652178	-0.50292462	-0.49932746	-0.494831	-0.48763667	-0.47639554	-0.4602083	-0.43907496	-0.41479411	-0.39680829	-0.39545935	-0.40984801	-0.4255856	-0.4354778	-0.43862532	-0.43727638	-0.43188063	-0.42333737	-0.41209623	-0.39995581	-0.38826502	-0.37927211	-0.37252743	-0.36758133	-0.36713169	-0.37252743	-0.38556715	-0.40220403	-0.41749198	-0.4305317	-0.44132319	-0.44581964	-0.44402106	-0.43682673	-0.41614304	-0.37072885	-0.31767068	-0.28394727	-0.2664111	-0.27225649	-0.28709479	-0.29428912	-0.28889337	-0.27540401	-0.26101535	-0.25022386	-0.24482812	-0.2515728	-0.26461252	-0.28439692	-0.31227494	-0.33925367	-0.36353452	-0.36623239	-0.34419977	-0.30328203	-0.28394727	-0.33835438	-0.39995581	-0.4503161	-0.48134164	-0.49932746	-0.50517285	-0.4997771	-0.49932746	-0.51191753	-0.52810477	-0.53395016	-0.53260122	-0.52315867	-0.51191753	-0.49887781	-0.47954305	-0.46110759	-0.44402106	-0.42378702	-0.39860687	-0.36803098	-0.33385792	-0.29518841	-0.26101535	-0.21784939	-0.1665898	-0.10363944	-0.027649353	0.031703849	0.12208259	0.20661594	0.3248727	0.438633	0.56768125	0.7115678	0.87254088	1.0523991	1.2542899	1.4732672	1.7178744	1.9552872	2.1962972	2.4611383	2.6715724	2.8909994	3.0177994	3.0785016	3.1405527	3.1225668	2.9696874	2.821754	2.6329029	2.5299341	2.3284929	2.1081666	1.866707	1.6176034	1.379741	1.1495225	0.85680329	0.6472685	0.44897485	0.22145424	-0.0069656617	-0.18457562	-0.35678984	-0.50157568	-0.65760266	-0.80553602	-0.90850484	-1.0137219	-1.1072481	-1.2160623	-1.2947503	-1.3752368	-1.4404354	-1.5101305	-1.562739	-1.6104014	-1.6562653	-1.6953844	-1.7309064	-1.7691263	-1.7965546	-1.8230837	-1.8464653	-1.8658	-1.8869334	-1.9049192
2	1.6666459	1.5301989	1.4080676	1.2957784	1.1897524	1.0899895	0.99246338	0.89896361	0.80904278	0.72091142	0.63859583	0.56433285	0.49633302	0.43146476	0.3706228	0.31425452	0.26593885	0.22343895	0.18586009	0.15320228	0.1227813	0.09280769	0.066860385	0.048518325	0.037781509	0.028386795	0.016755245	0.0069131635	0.0078078981	0.023465755	0.056570937	0.11472869	0.20822846	0.34646496	0.55493814	0.89001627	1.4120939	2.0281187	2.2500129	1.7252511	0.98933181	0.47620149	0.21136003	0.10264977	0.088334017	0.14157073	0.24849152	0.38091225	0.47306992	0.43191212	0.25072836	0.037334142	-0.12327073	-0.22213891	-0.27850719	-0.31071764	-0.33084917	-0.34874386	-0.36932276	-0.39079639	-0.41271739	-0.43776996	-0.46371726	-0.48608563	-0.50174349	-0.5124803	-0.52008555	-0.52858553	-0.54290128	-0.5590065	-0.57063806	-0.57734857	-0.58182224	-0.58405907	-0.58450644	-0.58405907	-0.58137487	-0.57600646	-0.56795385	-0.55945387	-0.55229599	-0.54648022	-0.54111181	-0.53663814	-0.5317171	-0.52590132	-0.52008555	-0.5138224	-0.50755926	-0.50174349	-0.49458561	-0.48608563	-0.47445408	-0.45834886	-0.43776996	-0.41182265	-0.38363851	-0.36350698	-0.36305962	-0.37961221	-0.39840163	-0.41092792	-0.41629633	-0.41629633	-0.41182265	-0.40332267	-0.39169112	-0.37961221	-0.36887539	-0.35992804	-0.3536649	-0.35053333	-0.3523228	-0.35992804	-0.37513853	-0.39258586	-0.40779635	-0.42255947	-0.43284892	-0.43598049	-0.43374365	-0.42479631	-0.39974374	-0.34829649	-0.28879664	-0.25077042	-0.23287572	-0.24048097	-0.25703356	-0.26687564	-0.26284933	-0.25077042	-0.23779676	-0.22795468	-0.22527048	-0.23600729	-0.25300725	-0.27582299	-0.3057966	-0.33398074	-0.35903331	-0.36037541	-0.33621758	-0.29461241	-0.27761246	-0.34471756	-0.41495423	-0.47221724	-0.50711189	-0.52769079	-0.5357434	-0.52992763	-0.53082236	-0.54648022	-0.56661175	-0.5755591	-0.5782433	-0.57019069	-0.56034861	-0.54737495	-0.52948026	-0.51292767	-0.49726981	-0.47982249	-0.45834886	-0.43329629	-0.40421741	-0.36663855	-0.33129654	-0.28879664	-0.23824413	-0.17606007	-0.10269183	-0.044981446	0.044939386	0.12904444	0.24714942	0.36122809	0.49230671	0.6390432	0.80456911	0.99112128	1.1973576	1.4192518	1.6697775	1.9118032	2.15875	2.430302	2.6454857	2.8772219	3.0127742	3.0807741	3.1429581	3.1165635	2.9483533	2.8011695	2.6025384	2.4938281	2.2858023	2.0607766	1.816514	1.5606199	1.320831	1.0868579	0.79204282	0.58401701	0.3912017	0.1679654	-0.057507732	-0.23153362	-0.40063847	-0.53976971	-0.69276934	-0.83637425	-0.93524243	-1.0359001	-1.1267156	-1.2327417	-1.3087941	-1.3870834	-1.4501622	-1.5172673	-1.5678198	-1.6138987	-1.658188	-1.6957669	-1.7302142	-1.7673457	-1.793293	-1.8187929	-1.8402665	-1.8586086	-1.8787401	-1.8957401
2	1.7033853	1.568078	1.4452743	1.3305087	1.2251208	1.1255382	1.0272952	0.93217821	0.83974053	0.75132188	0.66915506	0.5927935	0.5222372	0.45569993	0.39184202	0.33334281	0.28109543	0.23599299	0.19669581	0.16141766	0.12792575	0.096666629	0.069873099	0.05022451	0.037274304	0.026110333	0.011373892	-0.0015763145	-0.0042556675	0.0064617445	0.033255275	0.083269864	0.16588325	0.29270596	0.48383314	0.78972594	1.2711164	1.845391	2.057953	1.5689711	0.88216362	0.4083647	0.16499013	0.06585407	0.053350422	0.10381157	0.20250107	0.32351852	0.40747158	0.36772784	0.19982172	0.002442715	-0.14670794	-0.23780594	-0.28782053	-0.31550718	-0.33202985	-0.34765941	-0.36507521	-0.382491	-0.40124647	-0.42491409	-0.45126106	-0.47492868	-0.49234448	-0.50261533	-0.50976027	-0.51824489	-0.53119509	-0.54548498	-0.55575583	-0.56200765	-0.56513357	-0.56736636	-0.56870604	-0.5691526	-0.5669198	-0.56245421	-0.55620239	-0.54905745	-0.54146595	-0.53521412	-0.53030198	-0.52538983	-0.52047768	-0.51467242	-0.50886715	-0.50395501	-0.49948942	-0.49591695	-0.4910048	-0.48475298	-0.47716147	-0.46465783	-0.44768859	-0.42491409	-0.3999068	-0.38204444	-0.38204444	-0.39812056	-0.4150898	-0.42580721	-0.4302728	-0.4302728	-0.42580721	-0.41776915	-0.40660518	-0.39544121	-0.38517035	-0.3771323	-0.37088047	-0.367308	-0.36909424	-0.37579262	-0.38963594	-0.40660518	-0.42178818	-0.4356315	-0.44634892	-0.4508145	-0.44902827	-0.44099021	-0.41866227	-0.37132703	-0.31729341	-0.28246182	-0.26504603	-0.27129785	-0.28558773	-0.29362579	-0.2891602	-0.27710312	-0.26370635	-0.25388206	-0.25030959	-0.25924076	-0.27353065	-0.29362579	-0.321759	-0.34855253	-0.37266671	-0.3748995	-0.352125	-0.31104159	-0.29317923	-0.35257156	-0.41687603	-0.46912342	-0.50127565	-0.51958456	-0.52628295	-0.5213708	-0.5213708	-0.53432101	-0.55262992	-0.56066798	-0.56066798	-0.5517368	-0.54191251	-0.52985542	-0.51199306	-0.49457727	-0.47716147	-0.45885256	-0.43652462	-0.41062421	-0.37936509	-0.33872824	-0.30478976	-0.26236667	-0.20967273	-0.1449217	-0.069006699	-0.012293727	0.077911158	0.16275734	0.28154199	0.39541449	0.52580967	0.67272753	0.83840086	1.0228297	1.2295864	1.4542055	1.7065112	1.9494392	2.1946	2.467894	2.6809026	2.9099873	3.0394894	3.0926299	3.1578275	3.1395185	2.9707193	2.8171031	2.6232965	2.5196949	2.3107053	2.0878725	1.8422651	1.5846007	1.3447986	1.1116949	0.81651947	0.60886961	0.4137234	0.18865775	-0.037301021	-0.21056585	-0.37981165	-0.51958456	-0.67409392	-0.81743931	-0.91612881	-1.0174977	-1.1090422	-1.2171095	-1.2939176	-1.3734051	-1.4381561	-1.5078193	-1.558727	-1.6056157	-1.6507181	-1.6891222	-1.7239537	-1.7614647	-1.7878117	-1.8137121	-1.83604	-1.855242	-1.8748906	-1.8918599
2	1.6656393	1.5314391	1.4093168	1.2961413	1.1910177	1.0908149	0.99329603	0.90025051	0.81078367	0.72400084	0.64169135	0.5665392	0.49809707	0.43368095	0.37329083	0.31692672	0.26771996	0.22477588	0.18764714	0.15543908	0.12502035	0.094601624	0.069103575	0.051657541	0.040026852	0.0301855	0.018107477	0.00781879	0.0091607926	0.025712158	0.058367554	0.11562633	0.20867184	0.34734545	0.55490851	0.88906716	1.4102115	2.0257434	2.2480684	1.7260294	0.99061202	0.47707236	0.21225052	0.10354831	0.089233614	0.14336105	0.25072126	0.38268485	0.47394102	0.43278628	0.2525106	0.03868485	-0.12325013	-0.22211099	-0.27713309	-0.30799915	-0.32902386	-0.34825923	-0.36838927	-0.38941398	-0.41133335	-0.43638407	-0.46277679	-0.48559083	-0.50169486	-0.51108888	-0.51824623	-0.52719291	-0.5415076	-0.5571643	-0.56879499	-0.57639967	-0.58087301	-0.58310968	-0.58400435	-0.58266235	-0.58042568	-0.57461033	-0.56700565	-0.5585063	-0.55090162	-0.54508628	-0.5401656	-0.53524493	-0.53077158	-0.52495624	-0.51914089	-0.51332555	-0.50751021	-0.50124753	-0.49364285	-0.48469616	-0.47351281	-0.45785611	-0.43727874	-0.41178069	-0.38359863	-0.36346859	-0.36346859	-0.38001996	-0.39836066	-0.41043868	-0.41580669	-0.41625403	-0.41222802	-0.40328134	-0.39209798	-0.38046729	-0.36973127	-0.36078459	-0.35541658	-0.3518379	-0.35362724	-0.36123192	-0.37599395	-0.39433465	-0.40999135	-0.42385871	-0.4341474	-0.43772607	-0.43504207	-0.42564805	-0.40104467	-0.34960123	-0.29100045	-0.25342438	-0.23463634	-0.24224103	-0.25923973	-0.26908108	-0.26505507	-0.25297705	-0.24000436	-0.23105767	-0.22837367	-0.24000436	-0.25610839	-0.2784751	-0.30844649	-0.33618121	-0.36078459	-0.36167926	-0.33662854	-0.2954738	-0.27936976	-0.34646989	-0.41670136	-0.47351281	-0.50885221	-0.52942958	-0.5374816	-0.53211359	-0.53256092	-0.54821762	-0.56834766	-0.57774167	-0.57997835	-0.571479	-0.56163764	-0.54911229	-0.53077158	-0.51466755	-0.49901086	-0.48022282	-0.45919811	-0.43459473	-0.40462334	-0.36794194	-0.33260253	-0.29010579	-0.23910969	-0.17693023	-0.10401476	-0.046755982	0.042263523	0.12725702	0.24580058	0.3598708	0.49093972	0.63766534	0.80362633	0.99061202	1.1981751	1.4200529	1.6696653	1.9134625	2.1626276	2.4346068	2.6466432	2.8743363	3.0116679	3.0796627	3.1373688	3.1141075	2.9503831	2.8009735	2.6023571	2.4927603	2.2860919	2.0628721	1.8154963	1.5587265	1.3189553	1.0863415	0.79199564	0.5835379	0.39073686	0.1688591	-0.056597334	-0.23061034	-0.39925533	-0.53792893	-0.69136456	-0.83540617	-0.9338197	-1.0344699	-1.1252787	-1.2321916	-1.3086858	-1.3869692	-1.449596	-1.5171435	-1.5676923	-1.614215	-1.6585011	-1.6956298	-1.7296272	-1.766756	-1.7931487	-1.8181994	-1.8401188	-1.8584595	-1.8785895	-1.8955882
1	1.6565184	1.5244634	1.4049424	1.2939267	1.1896256	1.089801	0.99355749	0.90179046	0.81226164	0.72497105	0.64260454	0.56829562	0.50025373	0.43534534	0.3740181	0.3171673	0.26792645	0.22405734	0.18690288	0.15422486	0.12288978	0.093792911	0.068277199	0.051266724	0.040523266	0.030227453	0.017693419	0.0073976052	0.0065023171	0.019931639	0.052162012	0.11035574	0.204361	0.34536888	0.55665688	0.89283758	1.4103141	2.020453	2.2389033	1.7182932	0.98773812	0.47787152	0.21376152	0.10498401	0.091107046	0.14527198	0.25225891	0.38252334	0.47115686	0.42952596	0.25002069	0.038285046	-0.12197153	-0.22045323	-0.2750658	-0.30461031	-0.32341136	-0.33997419	-0.35922289	-0.37981452	-0.40130143	-0.42681714	-0.45501872	-0.47963914	-0.49754491	-0.50784072	-0.51500302	-0.52306062	-0.53514701	-0.54991926	-0.56021508	-0.56513916	-0.56782502	-0.56916796	-0.57051089	-0.57095853	-0.56916796	-0.56469152	-0.5584245	-0.55126219	-0.54365224	-0.53738523	-0.53156585	-0.52664177	-0.52171769	-0.51634596	-0.51052658	-0.5056025	-0.50112606	-0.49709726	-0.49306846	-0.48724909	-0.47784857	-0.4639716	-0.44561819	-0.42144541	-0.39413913	-0.37399514	-0.37399514	-0.39100562	-0.40891138	-0.42055013	-0.42457892	-0.42323599	-0.41741662	-0.40846374	-0.39682499	-0.38384331	-0.37265221	-0.36459462	-0.35787996	-0.35340352	-0.35519409	-0.3623564	-0.37757629	-0.39637735	-0.41249253	-0.42816007	-0.44024646	-0.44472291	-0.44337997	-0.43397945	-0.40846374	-0.35698467	-0.29744801	-0.25895062	-0.23970192	-0.24686423	-0.26163648	-0.27014172	-0.26476999	-0.25089302	-0.2374637	-0.22806318	-0.22537731	-0.23701606	-0.25402653	-0.27730402	-0.30819146	-0.33863126	-0.36593755	-0.36817577	-0.34400299	-0.30102916	-0.28222811	-0.34937472	-0.4151784	-0.47113391	-0.50649779	-0.52977528	-0.53783287	-0.53290879	-0.53425172	-0.55036691	-0.57006324	-0.57946377	-0.58170199	-0.57409204	-0.56782502	-0.5543957	-0.53693758	-0.52037475	-0.50381192	-0.48501087	-0.46352396	-0.43800824	-0.40891138	-0.36907106	-0.33281189	-0.2902857	-0.23835899	-0.17613646	-0.099141683	-0.042738531	0.047237927	0.13094737	0.25002069	0.36416993	0.49443435	0.63947103	0.80330876	0.98818576	1.1949973	1.419267	1.6721859	1.9183901	2.1654897	2.4412384	2.6578981	2.8884348	3.0204898	3.076893	3.1431443	3.1252386	2.9488668	2.7939819	2.5947803	2.4954033	2.2881441	2.0620839	1.8127461	1.5549032	1.3180994	1.0839816	0.78450771	0.58082966	0.38834271	0.1627301	-0.061539582	-0.22985375	-0.39816792	-0.53469936	-0.68958421	-0.83238267	-0.92862614	-1.0293461	-1.1220084	-1.2307859	-1.3059901	-1.3852231	-1.4487886	-1.5172781	-1.5669666	-1.6139692	-1.658286	-1.6958881	-1.7308043	-1.7679588	-1.7934745	-1.8194378	-1.8409248	-1.8601735	-1.8803174	-1.8964326
2	1.7171864	1.5805829	1.4561119	1.3428747	1.2368272	1.1343745	1.0368647	0.94250044	0.84858549	0.75871473	0.67513492	0.59784606	0.52684815	0.45944508	0.39563684	0.33811955	0.28689321	0.24285654	0.20421211	0.17006122	0.13860645	0.1089491	0.082437223	0.062665655	0.050533102	0.038400549	0.022223811	0.009641904	0.0087431964	0.022673165	0.053678579	0.10445556	0.1857886	0.31160767	0.49988692	0.79601109	1.2525546	1.7958234	2.0007287	1.5369955	0.88228703	0.43383191	0.20511082	0.11074651	0.095917838	0.13905581	0.22937592	0.3444105	0.4203513	0.37586527	0.209155	0.017730273	-0.12246812	-0.20784535	-0.25637556	-0.28648227	-0.30715254	-0.32737346	-0.34624632	-0.36377112	-0.3844414	-0.40960521	-0.43746515	-0.46173026	-0.47835635	-0.48824213	-0.49588115	-0.50576693	-0.52104496	-0.53812041	-0.55070231	-0.55834133	-0.56238551	-0.56463228	-0.56598034	-0.56598034	-0.56418293	-0.56103745	-0.55564521	-0.5489049	-0.54261394	-0.53677234	-0.53093075	-0.5255385	-0.52014625	-0.5138553	-0.50756435	-0.50172275	-0.49677985	-0.49318502	-0.48959019	-0.48419795	-0.47655893	-0.46532509	-0.4495977	-0.42847807	-0.40645974	-0.390283	-0.390283	-0.40556103	-0.42173777	-0.43252226	-0.43656644	-0.4370158	-0.43297161	-0.4253326	-0.41499746	-0.40331426	-0.39387783	-0.38713752	-0.38129592	-0.37770109	-0.37904915	-0.38489075	-0.39747266	-0.41320004	-0.4262313	-0.43926257	-0.44914835	-0.45274318	-0.45139512	-0.44420546	-0.42263647	-0.37815045	-0.32782282	-0.29546934	-0.2792926	-0.28558356	-0.29906417	-0.30535513	-0.29996288	-0.28783033	-0.27434971	-0.26446393	-0.26041974	-0.26850811	-0.28288743	-0.30310836	-0.33006959	-0.35568275	-0.37994786	-0.38174528	-0.36017629	-0.32153186	-0.30445642	-0.36242306	-0.42308583	-0.47386281	-0.50531758	-0.52508915	-0.53272816	-0.52868398	-0.52958268	-0.54216459	-0.55879068	-0.56553099	-0.56553099	-0.55654391	-0.54531007	-0.53317751	-0.51430465	-0.4963305	-0.47925506	-0.45903413	-0.43387032	-0.40241555	-0.36871401	-0.33321506	-0.30086159	-0.25862233	-0.2082947	-0.14493581	-0.068995015	-0.011927079	0.078842393	0.16466897	0.28419709	0.39833296	0.52954428	0.67558427	0.84004777	1.0242828	1.2287388	1.4516183	1.7028071	1.9468062	2.1939508	2.4644618	2.6761075	2.9030312	3.0324451	3.0877156	3.1533213	3.133999	2.965042	2.8077682	2.6118499	2.5080492	2.3022451	2.0771188	1.8295249	1.5747413	1.3361344	1.1024704	0.80814365	0.60189024	0.40597198	0.17949765	-0.04607797	-0.21862984	-0.38623881	-0.52643721	-0.68146428	-0.82480815	-0.92321663	-1.02522	-1.1182362	-1.2265305	-1.30337	-1.3829056	-1.4480619	-1.5172624	-1.5689381	-1.6161202	-1.6610556	-1.6997	-1.7343003	-1.772046	-1.7985579	-1.8246204	-1.8470881	-1.8664103	-1.8870806	-1.9037067
2	1.6760536	1.5426084	1.4220199	1.3116283	1.2070002	1.1054753	1.0074972	0.91439589	0.82528459	0.73839	0.65725881	0.58189105	0.51317338	0.44844577	0.38682154	0.32918737	0.27864664	0.23608602	0.19795879	0.16382163	0.13234451	0.10175406	0.075597012	0.056090062	0.043233208	0.031263034	0.0175195	0.0055493258	0.0024459473	0.013086102	0.03835647	0.085793827	0.16470831	0.28529673	0.46573603	0.75479357	1.2074435	1.7518648	1.9606778	1.5035945	0.8509983	0.40056508	0.17002839	0.076040352	0.064513518	0.11062086	0.20106217	0.31234046	0.3885949	0.35046768	0.19263872	0.007322685	-0.13277269	-0.21966729	-0.26843466	-0.29592173	-0.31365532	-0.32961555	-0.34823582	-0.36774278	-0.38902309	-0.41385011	-0.44089384	-0.46394751	-0.47902106	-0.48921788	-0.49808467	-0.50783815	-0.52202502	-0.53798525	-0.54951209	-0.55616219	-0.56059558	-0.56369896	-0.56458564	-0.5641423	-0.5619256	-0.55704887	-0.55039877	-0.54286199	-0.53665523	-0.5317785	-0.52823178	-0.52468506	-0.52025166	-0.51537493	-0.51094153	-0.50695147	-0.50251807	-0.49719799	-0.49232126	-0.4861145	-0.47769104	-0.46616421	-0.44976064	-0.42936701	-0.40675668	-0.3903531	-0.3903531	-0.40409664	-0.41872685	-0.42848033	-0.43335706	-0.43335706	-0.42936701	-0.42183023	-0.41163341	-0.40054992	-0.3903531	-0.38325967	-0.37793959	-0.37572289	-0.37749625	-0.38370301	-0.39655986	-0.41119007	-0.42404693	-0.43690378	-0.44621392	-0.44976064	-0.44887396	-0.44178052	-0.42005687	-0.37572289	-0.3256255	-0.29281835	-0.27597144	-0.28173486	-0.29547839	-0.30345851	-0.29946845	-0.28838495	-0.27685812	-0.26799132	-0.26533128	-0.27464142	-0.28927163	-0.30922192	-0.33449229	-0.35754596	-0.37838293	-0.37882627	-0.35754596	-0.32030542	-0.30478853	-0.36375272	-0.42404693	-0.47237097	-0.50251807	-0.52113834	-0.52823178	-0.52379838	-0.52335504	-0.53532522	-0.55084211	-0.5574922	-0.5574922	-0.54862541	-0.53709857	-0.52335504	-0.50384809	-0.48522782	-0.46793757	-0.44887396	-0.42626363	-0.4014366	-0.37217617	-0.33138891	-0.29547839	-0.25158775	-0.19838698	-0.13410271	-0.056518245	0.0028892871	0.095547303	0.18155522	0.30258698	0.42095871	0.55484732	0.70336615	0.87183527	1.0602547	1.2699544	1.496501	1.7478747	1.9917116	2.2390952	2.5095324	2.7201188	2.9457788	3.0783374	3.1355282	3.188729	3.1612419	2.9883394	2.8282938	2.6199241	2.5113058	2.3016061	2.0732861	1.8259025	1.5696521	1.3284753	1.0939485	0.79912755	0.59031451	0.39657502	0.17446179	-0.052084847	-0.22587404	-0.39434316	-0.53355186	-0.68694742	-0.82970283	-0.92768093	-1.0283191	-1.1187604	-1.2242752	-1.298313	-1.3754541	-1.4375217	-1.5035793	-1.55279	-1.5980107	-1.6419013	-1.6791419	-1.713279	-1.7496329	-1.7753466	-1.8010603	-1.822784	-1.8414042	-1.8613545	-1.8782014
2	1.6630421	1.5274933	1.40626	1.2935264	1.1888453	1.089085	0.99200885	0.8980642	0.80769839	0.72001672	0.63815067	0.56478437	0.49589163	0.43102509	0.37152681	0.31516002	0.26550356	0.22300479	0.18542693	0.15321734	0.12324452	0.092824349	0.067325087	0.049878223	0.038246981	0.028405161	0.016326563	0.0073794535	0.0096162309	0.025721028	0.058825333	0.11653419	0.20824206	0.34692226	0.55583726	0.89224858	1.4156545	2.033005	2.2584722	1.7323822	0.9924562	0.47755005	0.21226826	0.10356088	0.08969286	0.14337552	0.25029347	0.38360541	0.47576063	0.43415657	0.25253025	0.038694337	-0.12324834	-0.2221139	-0.27803334	-0.30934822	-0.32992657	-0.3487155	-0.36929385	-0.38942485	-0.41223998	-0.4381866	-0.46368586	-0.48605363	-0.50215843	-0.51200025	-0.51915794	-0.52810505	-0.54242042	-0.55807786	-0.56970911	-0.57686679	-0.58089299	-0.58357713	-0.58447184	-0.58402448	-0.58089299	-0.57507737	-0.56747233	-0.55897257	-0.55136753	-0.54510455	-0.540631	-0.5366048	-0.53078918	-0.52497356	-0.51915794	-0.51289496	-0.50663198	-0.50036901	-0.49321132	-0.48426421	-0.47263297	-0.45697553	-0.43639717	-0.41134527	-0.38360923	-0.36303088	-0.36258352	-0.37913567	-0.39747725	-0.4100032	-0.41581882	-0.41537147	-0.41089791	-0.40284551	-0.39166163	-0.38003039	-0.3688465	-0.35989939	-0.35363641	-0.35050492	-0.3527417	-0.35989939	-0.37466212	-0.39255634	-0.40821378	-0.42252916	-0.43281833	-0.43639717	-0.4341604	-0.42431858	-0.39926667	-0.34737344	-0.28832251	-0.25074465	-0.23195572	-0.24045548	-0.25745499	-0.26729681	-0.26371796	-0.25119201	-0.23777135	-0.22882424	-0.22658746	-0.23732399	-0.25387614	-0.27669127	-0.30666409	-0.33440013	-0.35855732	-0.35989939	-0.33574219	-0.29458549	-0.27803334	-0.34424195	-0.41492411	-0.47218561	-0.50797405	-0.52989447	-0.53749951	-0.53213125	-0.53302596	-0.54823604	-0.56791968	-0.57686679	-0.57955093	-0.57149853	-0.56210406	-0.54913075	-0.53034182	-0.51378967	-0.49813223	-0.48113272	-0.46055437	-0.43550246	-0.405977	-0.36795179	-0.33305806	-0.29100665	-0.24090283	-0.17827307	-0.1035647	-0.047197914	0.041825825	0.12682336	0.24492521	0.35900085	0.49052336	0.6368086	0.80277748	0.98932472	1.1964503	1.420128	1.6710945	1.9135611	2.1609487	2.4333882	2.6476715	2.8762701	3.0109241	3.0775801	3.1397625	3.1200788	2.9518732	2.7957461	2.6015938	2.491097	2.2830767	2.0602937	1.8151429	1.5579135	1.3172363	1.0864009	0.7915936	0.58267859	0.38986838	0.16753271	-0.058829156	-0.23240308	-0.40016138	-0.53973629	-0.69317922	-0.83633297	-0.93475117	-1.0354062	-1.1266667	-1.2331373	-1.3087403	-1.3865802	-1.4501047	-1.5176554	-1.5677592	-1.6138368	-1.658125	-1.6957028	-1.7301492	-1.7668323	-1.792779	-1.8178309	-1.8401986	-1.8589876	-1.8786712	-1.8956707
1	1.6676592	1.5325082	1.4094403	1.2975604	1.1937358	1.0934914	0.99772219	0.90553313	0.81468664	0.72786782	0.64776179	0.57392105	0.50455549	0.43787506	0.37611734	0.31883483	0.26737006	0.22306561	0.18502644	0.15101494	0.12013609	0.091047306	0.064196125	0.046295338	0.035107345	0.023919353	0.011388802	0.0015433692	0.0015433692	0.015416479	0.046742857	0.10313034	0.19397683	0.33002282	0.53632939	0.86749396	1.3816941	1.9889783	2.2109481	1.6931678	0.96684333	0.46338368	0.20426979	0.098655141	0.086124589	0.14116951	0.24857423	0.37835494	0.46651632	0.42579203	0.24723168	0.036449905	-0.1228671	-0.22132143	-0.27681387	-0.30724521	-0.32604104	-0.34349431	-0.36229013	-0.38063844	-0.40122435	-0.42494289	-0.45179407	-0.47596013	-0.49251836	-0.50281131	-0.51041915	-0.51981706	-0.53234761	-0.54756328	-0.55964631	-0.56591159	-0.56904423	-0.57128183	-0.57262439	-0.57172935	-0.56949175	-0.56501655	-0.55830376	-0.55114344	-0.54353561	-0.53727033	-0.53190009	-0.52608234	-0.52026458	-0.51444683	-0.50862907	-0.50370635	-0.49833612	-0.4934134	-0.48804317	-0.48177789	-0.4728275	-0.45940191	-0.4410536	-0.41644002	-0.38958883	-0.37034549	-0.36989797	-0.38556116	-0.40256691	-0.41464994	-0.42046769	-0.42046769	-0.4159925	-0.40748962	-0.39674915	-0.38466612	-0.37347813	-0.36497525	-0.35826246	-0.35378726	-0.3546823	-0.36139509	-0.3775058	-0.39674915	-0.41241234	-0.42807553	-0.43971104	-0.44418624	-0.44284368	-0.43389328	-0.40883218	-0.35781494	-0.29918986	-0.26025565	-0.24145982	-0.24862013	-0.2638358	-0.27233868	-0.26786348	-0.25578045	-0.24280238	-0.23295695	-0.23071935	-0.24235486	-0.25891309	-0.28218411	-0.31261545	-0.34080919	-0.36587029	-0.36721285	-0.34304679	-0.30142746	-0.28442171	-0.34975958	-0.41733506	-0.47327502	-0.50907659	-0.53100506	-0.53906041	-0.53413769	-0.53548025	-0.55114344	-0.57083431	-0.5797847	-0.5820223	-0.57307191	-0.56322647	-0.55069592	-0.53190009	-0.51534187	-0.49878364	-0.48088285	-0.46029694	-0.43568336	-0.4070421	-0.36900293	-0.33364887	-0.2911345	-0.23966974	-0.17701698	-0.1022812	-0.044998678	0.044952779	0.13087656	0.24946927	0.36492935	0.49694766	0.64283908	0.80842136	0.99682715	1.2071614	1.4322638	1.6846649	1.9290106	2.1773841	2.4499236	2.664733	2.8916255	3.0258814	3.0921143	3.1507394	3.1256783	2.9556208	2.8012265	2.6011852	2.4924379	2.2843413	2.0601339	1.8148931	1.5584644	1.3185938	1.0867786	0.79052057	0.58287144	0.39088549	0.16846821	-0.05618667	-0.22803423	-0.39495907	-0.53279513	-0.68495183	-0.82815813	-0.92616494	-1.0268569	-1.1185984	-1.2260031	-1.3029765	-1.3821875	-1.4466303	-1.5146533	-1.5656706	-1.6122126	-1.6574121	-1.6954513	-1.7303578	-1.7670544	-1.7930106	-1.8185192	-1.8404477	-1.8592435	-1.8793819	-1.8963876
1	1.7797497	1.6388558	1.512006	1.3919518	1.277787	1.1704177	1.0666727	0.96700499	0.87141462	0.7789955	0.69065369	0.61091954	0.53752788	0.46730747	0.40071133	0.33955162	0.28473439	0.23580662	0.19367437	0.15607247	0.12209485	0.08992937	0.060935134	0.039642492	0.026051445	0.012913432	-0.0024897561	-0.016080804	-0.020611153	-0.010644385	0.016537711	0.066371553	0.14927695	0.27657976	0.47047871	0.78443192	1.2814112	1.8766991	2.0964211	1.5908341	0.88228746	0.39346277	0.14384053	0.041907667	0.027863584	0.078150462	0.17963029	0.30874524	0.40252347	0.36945192	0.19911079	-0.0056610006	-0.15969288	-0.25437718	-0.30647619	-0.33501739	-0.35313879	-0.36944805	-0.38621034	-0.40342567	-0.4220001	-0.44510488	-0.47047484	-0.49312659	-0.50898281	-0.51849654	-0.52529207	-0.53389973	-0.54703774	-0.56153486	-0.57150163	-0.57693805	-0.58056233	-0.58237447	-0.58373357	-0.58373357	-0.5814684	-0.57739108	-0.57014252	-0.56289396	-0.55564541	-0.54930292	-0.5438665	-0.53843008	-0.53299366	-0.52755724	-0.52076172	-0.51441923	-0.50943584	-0.50490549	-0.49992211	-0.49403266	-0.48497196	-0.47138091	-0.45416558	-0.43196687	-0.40523781	-0.38485124	-0.38394517	-0.39980139	-0.41656368	-0.42788956	-0.43287294	-0.43196687	-0.42698349	-0.41837582	-0.40659691	-0.39300587	-0.38122696	-0.37216626	-0.36446467	-0.35902825	-0.35857521	-0.36446467	-0.37896178	-0.39708318	-0.41384547	-0.42834259	-0.43921543	-0.44374578	-0.44238667	-0.43423204	-0.41067423	-0.35993432	-0.30285191	-0.26615609	-0.24758165	-0.25483021	-0.2715925	-0.28020017	-0.27476375	-0.26162574	-0.24667558	-0.23534971	-0.22946026	-0.23625578	-0.25029986	-0.27113947	-0.29968067	-0.32776884	-0.35404486	-0.35766914	-0.33411133	-0.29152604	-0.27204554	-0.33184615	-0.40025442	-0.45597772	-0.48950231	-0.50717067	-0.51306012	-0.50807674	-0.50898281	-0.52212082	-0.54114829	-0.54930292	-0.54975595	-0.54069525	-0.52982241	-0.51713744	-0.498563	-0.48044161	-0.46277325	-0.44374578	-0.41973493	-0.38938159	-0.35540397	-0.3182551	-0.28608962	-0.24486344	-0.1936705	-0.13205775	-0.060478227	-0.0024897561	0.08630509	0.17056959	0.28699956	0.39935223	0.52756111	0.67072015	0.83109452	1.0104963	1.2143621	1.433631	1.6773638	1.9147541	2.1544095	2.4149046	2.6251128	2.848006	2.9793862	3.041905	3.1053299	3.0894736	2.9417843	2.795907	2.613787	2.5127602	2.3107066	2.0923438	1.8545004	1.6085025	1.3702061	1.1391583	0.85012198	0.64217895	0.44329662	0.21677915	-0.01019135	-0.18732801	-0.35948128	-0.50445246	-0.66029647	-0.8084389	-0.91263693	-1.0186471	-1.1142375	-1.2238719	-1.3040591	-1.3856054	-1.4517485	-1.5219689	-1.575427	-1.6243548	-1.6705644	-1.7104314	-1.7457682	-1.7833701	-1.8110052	-1.8377343	-1.8612921	-1.8807726	-1.9016122	-1.9192805
1	1.6672332	1.5324574	1.4102189	1.2982788	1.1943985	1.0945479	0.99738396	0.90290656	0.81335452	0.72738455	0.64544444	0.571564	0.50350445	0.43902698	0.37678831	0.31902724	0.26753481	0.22365431	0.1855947	0.15201268	0.12111722	0.09111729	0.065594958	0.04813231	0.036938304	0.024848778	0.010968212	0.0015652472	0.0015652472	0.014998054	0.047236789	0.10365458	0.19410214	0.33111676	0.53753422	0.8675335	1.38201	1.9914116	2.2103664	1.6914123	0.96648851	0.46320603	0.20395286	0.098281454	0.086639688	0.14081867	0.2473856	0.37857935	0.46723587	0.42514641	0.24693784	0.036490544	-0.12380761	-0.22276262	-0.27783713	-0.30873258	-0.32753851	-0.3445534	-0.36291157	-0.38126974	-0.40141895	-0.425598	-0.45201585	-0.47574714	-0.49276203	-0.50395603	-0.51201572	-0.5200754	-0.53350821	-0.5482843	-0.5594783	-0.56664246	-0.57022455	-0.57246335	-0.57291111	-0.57201559	-0.57022455	-0.56574694	-0.55858278	-0.55141862	-0.54425445	-0.53798581	-0.53216493	-0.52679181	-0.52097092	-0.5155978	-0.50932916	-0.50395603	-0.49903067	-0.49455307	-0.48917995	-0.48246354	-0.47306058	-0.45918001	-0.4412696	-0.41753831	-0.3906727	-0.37097125	-0.37007573	-0.38574734	-0.40320999	-0.41529951	-0.42067263	-0.42112039	-0.41664279	-0.40813535	-0.39694134	-0.38485182	-0.37365781	-0.36470261	-0.35843396	-0.35395636	-0.35485188	-0.36156829	-0.37679213	-0.39604582	-0.41261295	-0.4278368	-0.43858304	-0.44306065	-0.44171736	-0.43320992	-0.40858311	-0.35709068	-0.2984341	-0.26037448	-0.24112079	-0.24783719	-0.2635088	-0.27156848	-0.26709088	-0.25500136	-0.24156855	-0.23216558	-0.22947902	-0.24067303	-0.25768792	-0.28052369	-0.31052362	-0.33918028	-0.36470261	-0.36604589	-0.34186684	-0.29977738	-0.28276249	-0.34858324	-0.41574727	-0.47216506	-0.50753812	-0.52858285	-0.53753805	-0.53306045	-0.53395597	-0.54962758	-0.56932903	-0.57828423	-0.58052303	-0.57201559	-0.56216486	-0.55007534	-0.53171717	-0.51380676	-0.49723963	-0.48022474	-0.45873225	-0.43320992	-0.40320999	-0.36425485	-0.32977731	-0.28813561	-0.23664319	-0.17440452	-0.10007632	-0.041867494	0.04902783	0.13499779	0.25410201	0.36828086	0.49902685	0.6458922	0.81380228	1.0005183	1.2087268	1.4339502	1.6873825	1.9327551	2.1808142	2.4526047	2.6661863	2.8914097	3.0257377	3.0929018	3.1502151	3.1237972	2.9532006	2.7969323	2.5958879	2.4902165	2.2833513	2.0567846	1.811412	1.5566365	1.3161892	1.0815629	0.78559338	0.57962368	0.38798231	0.16454997	-0.060225662	-0.23216558	-0.3996279	-0.53753805	-0.68977652	-0.83171651	-0.92932824	-1.0300743	-1.1209696	-1.2279843	-1.3045513	-1.3833571	-1.446939	-1.5154464	-1.5669388	-1.6139536	-1.6587296	-1.6963415	-1.730819	-1.7675354	-1.7935055	-1.8194755	-1.8414158	-1.859774	-1.8799232	-1.8973858
1	1.7179741	1.5787217	1.4542929	1.3392974	1.2319383	1.1290712	1.0284501	0.93277027	0.83978561	0.75084376	0.66774152	0.5895805	0.5186067	0.45212491	0.38743993	0.32769616	0.27558882	0.22977029	0.18979137	0.15520288	0.12330959	0.091865498	0.06401502	0.043800963	0.030774126	0.020442497	0.0065172577	-0.006509579	-0.0083063841	0.0038220501	0.031672529	0.082432272	0.16822971	0.29715048	0.49210383	0.80654471	1.2975217	1.8832801	2.1011428	1.6043262	0.90491979	0.42337603	0.17766294	0.077041857	0.063565819	0.11522396	0.21854026	0.34431661	0.43191086	0.39462715	0.22482907	0.023586906	-0.12779392	-0.22122778	-0.27378433	-0.30298241	-0.32139967	-0.33846931	-0.35778497	-0.37710062	-0.39731468	-0.42202075	-0.45032043	-0.4763741	-0.49613896	-0.509615	-0.51859902	-0.52848145	-0.54285589	-0.55767953	-0.56756196	-0.57340158	-0.57744439	-0.5801396	-0.5814872	-0.5819364	-0.5801396	-0.57564758	-0.56980797	-0.56217155	-0.55453512	-0.5473479	-0.54105909	-0.53477027	-0.52848145	-0.52219263	-0.51455621	-0.50871659	-0.50377538	-0.49928337	-0.49479136	-0.48850254	-0.47951851	-0.46649168	-0.44897283	-0.42696196	-0.40180669	-0.38338944	-0.38338944	-0.39956069	-0.41663034	-0.42830957	-0.43280158	-0.43190318	-0.42741117	-0.41977474	-0.40809551	-0.39551788	-0.38518625	-0.37665142	-0.3694642	-0.36497219	-0.36452299	-0.3703626	-0.38473705	-0.4040527	-0.42022395	-0.43504759	-0.44582842	-0.44942203	-0.44672682	-0.43774279	-0.41348593	-0.36317538	-0.30657602	-0.27019072	-0.25132427	-0.25761309	-0.27153833	-0.27737794	-0.27198753	-0.25896069	-0.24458625	-0.23470382	-0.23200861	-0.24189104	-0.25940989	-0.28276836	-0.31286484	-0.34296133	-0.3703626	-0.37440542	-0.35194535	-0.30972043	-0.29085398	-0.35059775	-0.41618113	-0.47098369	-0.50332618	-0.52129423	-0.52848145	-0.52443864	-0.52533704	-0.53926228	-0.55767953	-0.56531595	-0.56621436	-0.55723033	-0.5460003	-0.53477027	-0.51545461	-0.49748656	-0.48086612	-0.46110126	-0.43549679	-0.4036035	-0.3685658	-0.33083289	-0.2989396	-0.25761309	-0.20640414	-0.14261756	-0.067600951	-0.010103189	0.080186265	0.16598371	0.28412364	0.39642396	0.52579392	0.67043673	0.83439519	1.0181185	1.2234035	1.4448597	1.6937172	1.9353875	2.1811006	2.4501721	2.6599491	2.8845498	3.0170641	3.0772571	3.1401453	3.1208296	2.958668	2.8072872	2.615029	2.5076699	2.3010373	2.0768859	1.8320712	1.5800693	1.3410942	1.1075096	0.81552874	0.60934536	0.4130444	0.18709617	-0.037055265	-0.20954855	-0.37799903	-0.51814982	-0.67267506	-0.81641946	-0.91569294	-1.0181108	-1.1115447	-1.2198022	-1.2979632	-1.3788194	-1.4444028	-1.514029	-1.5665856	-1.6146501	-1.6595702	-1.6986507	-1.7332392	-1.7709722	-1.7979242	-1.8239779	-1.846438	-1.8657536	-1.8859677	-1.9030373
1	1.6782115	1.5445615	1.4252153	1.3125739	1.2070843	1.1060646	1.0086209	0.91654098	0.82714303	0.73863907	0.65549898	0.5804047	0.51156828	0.44407283	0.38194126	0.32472658	0.27287577	0.2281768	0.18839471	0.15308252	0.12179324	0.092291918	0.065472534	0.047145955	0.035077232	0.023455499	0.010045808	-0.0020229151	-0.0047048534	0.0064698898	0.034630243	0.086928041	0.17275007	0.30282408	0.49905257	0.81328635	1.3031871	1.8865087	2.1019577	1.6075871	0.90938914	0.42664023	0.17811395	0.077094267	0.065025544	0.11732334	0.21834302	0.34081821	0.42440529	0.38328223	0.21342613	0.012727746	-0.14014274	-0.2331166	-0.28407343	-0.3117868	-0.3292194	-0.34575802	-0.36319062	-0.38151719	-0.40118474	-0.4248752	-0.45124759	-0.47538504	-0.49237065	-0.50220442	-0.50935626	-0.51740207	-0.53036477	-0.54466845	-0.55494921	-0.5598661	-0.56254803	-0.56433599	-0.56612395	-0.56657094	-0.56478298	-0.56031309	-0.55360824	-0.54600942	-0.53885758	-0.53304671	-0.52723585	-0.52231896	-0.51695508	-0.51159121	-0.50622733	-0.50131044	-0.49728753	-0.49281764	-0.48834774	-0.48253687	-0.47449106	-0.46152836	-0.44364877	-0.42085229	-0.39582087	-0.37749429	-0.3770473	-0.39269194	-0.41012454	-0.42129928	-0.42621617	-0.42576918	-0.42129928	-0.41325347	-0.4029727	-0.39135097	-0.38062322	-0.3725774	-0.36631954	-0.36184965	-0.36274363	-0.36900148	-0.38285816	-0.40118474	-0.41772336	-0.43202703	-0.44275479	-0.44722468	-0.44498974	-0.43649693	-0.41370046	-0.36497857	-0.30955185	-0.27423966	-0.25680706	-0.26306492	-0.27736859	-0.28452042	-0.28049752	-0.2679818	-0.25546609	-0.2465263	-0.24295038	-0.25144318	-0.26753481	-0.28943731	-0.31804465	-0.34531103	-0.37078944	-0.3725774	-0.34933393	-0.30910486	-0.29122527	-0.35201587	-0.41772336	-0.47136213	-0.50443937	-0.52365993	-0.53215273	-0.52812983	-0.52857682	-0.54153952	-0.56031309	-0.56880589	-0.57014686	-0.56120707	-0.54958533	-0.53885758	-0.520531	-0.50220442	-0.48521881	-0.46733922	-0.44633071	-0.41995831	-0.38688107	-0.346652	-0.31402175	-0.27111073	-0.21881293	-0.15355243	-0.078905148	-0.022584443	0.068154472	0.15308252	0.27376975	0.38730514	0.51827313	0.66488576	0.83205992	1.0193486	1.2276458	1.4520347	1.7050309	1.9517692	2.1994015	2.4729592	2.6843854	2.9123501	3.0428711	3.0978509	3.1626644	3.1438908	2.9726937	2.8135654	2.611973	2.5109533	2.3035501	2.0755853	1.828847	1.5736159	1.3344764	1.1002538	0.80345258	0.59649633	0.40250279	0.17856094	-0.046274898	-0.21747196	-0.38598709	-0.52410692	-0.67697741	-0.82001412	-0.91835186	-1.0193715	-1.1105574	-1.218282	-1.2960582	-1.3765163	-1.4404359	-1.5097193	-1.5615701	-1.608504	-1.65365	-1.6916441	-1.7260623	-1.7636094	-1.7904288	-1.8163542	-1.8382567	-1.8565833	-1.8762508	-1.8941304
2	1.7018126	1.5667575	1.4442241	1.331082	1.2250951	1.123133	1.0247485	0.93128323	0.84005398	0.75150796	0.66832835	0.59230398	0.52075164	0.4523297	0.3901686	0.33203232	0.27970967	0.23454225	0.19429405	0.15941228	0.12721373	0.096356778	0.069077446	0.049847753	0.03687889	0.025251634	0.010493962	-0.0020276987	-0.0042637096	0.0060219403	0.033301273	0.083387916	0.16612032	0.29267853	0.48452826	0.79265056	1.2742873	1.8498365	2.0649407	1.5761488	0.88656301	0.4107399	0.16746192	0.068183042	0.055214179	0.10530082	0.2045797	0.32577149	0.40895109	0.3695973	0.20144929	0.0037859295	-0.14557959	-0.23725604	-0.28778988	-0.31551642	-0.3320629	-0.34726777	-0.36470866	-0.38214954	-0.40048483	-0.42418655	-0.45146588	-0.47516759	-0.49171407	-0.50244693	-0.50915496	-0.518099	-0.53106786	-0.54537833	-0.55521678	-0.56103041	-0.56505523	-0.56729124	-0.56818564	-0.56863285	-0.56684404	-0.56192481	-0.55521678	-0.54761434	-0.54001191	-0.53464548	-0.52972626	-0.52480703	-0.51988781	-0.51407418	-0.50826055	-0.50334133	-0.49886931	-0.49484449	-0.49037247	-0.48455884	-0.4765092	-0.46398754	-0.44699386	-0.42418655	-0.39869602	-0.38125514	-0.38080794	-0.39646001	-0.4139009	-0.42463375	-0.42955297	-0.42910577	-0.42418655	-0.41613691	-0.40540405	-0.394224	-0.38393835	-0.37544151	-0.36918068	-0.36605026	-0.36783907	-0.37454711	-0.38841037	-0.40540405	-0.42016173	-0.4344722	-0.44475785	-0.44922987	-0.44788826	-0.43939142	-0.41658411	-0.36918068	-0.31506922	-0.28063465	-0.26319377	-0.2699018	-0.28465947	-0.29270911	-0.28868429	-0.27660983	-0.26319377	-0.25335532	-0.2493305	-0.25782734	-0.27258501	-0.29270911	-0.32088285	-0.34771498	-0.37141669	-0.3727583	-0.34950378	-0.30925559	-0.2909203	-0.35039819	-0.4152425	-0.46890676	-0.50110532	-0.51944061	-0.52570144	-0.52122942	-0.52167662	-0.53464548	-0.55298077	-0.56013601	-0.56147761	-0.55208637	-0.54045911	-0.52883185	-0.51049656	-0.49305568	-0.476062	-0.45862111	-0.43670821	-0.40987608	-0.37857192	-0.33966534	-0.30567797	-0.26229936	-0.20997671	-0.14557959	-0.070896833	-0.013654955	0.076232681	0.16120109	0.28105127	0.39464062	0.52611806	0.67280037	0.83826518	1.0234069	1.2300143	1.4540626	1.7053902	1.950457	2.1968654	2.4669755	2.6825269	2.9092584	3.0371582	3.0952945	3.1614804	3.1382259	2.9669475	2.8113211	2.6181298	2.5166149	2.3082187	2.0823816	1.8364204	1.581068	1.3418148	1.1092697	0.81411626	0.60661445	0.41118711	0.18579721	-0.039592681	-0.21221272	-0.38170234	-0.52122942	-0.67640857	-0.81996047	-0.91834494	-1.020307	-1.1124307	-1.2202064	-1.296678	-1.37628	-1.4411243	-1.5104406	-1.5614217	-1.6079307	-1.6530981	-1.6920047	-1.7264393	-1.763557	-1.7903892	-1.8163269	-1.838687	-1.8574695	-1.8775936	-1.8945873
1	1.6950153	1.5602874	1.4393892	1.326075	1.2221293	1.1221987	1.0227142	0.92724472	0.83579035	0.7470127	0.66403459	0.58819438	0.51726148	0.45034365	0.38833313	0.33033768	0.27858789	0.23352988	0.19471754	0.16081251	0.12913807	0.098355865	0.070696495	0.051067265	0.039022055	0.026530727	0.011808805	-0.0015747615	-0.006482069	0.0019941895	0.02920744	0.080957229	0.16482758	0.29330981	0.48826376	0.79876249	1.2863704	1.8698939	2.0867077	1.5959769	0.89958535	0.4159925	0.16839653	0.06489695	0.048390552	0.097463627	0.19516366	0.31650799	0.4017167	0.36558107	0.19828649	-0.0011286426	-0.15191682	-0.24292507	-0.29155203	-0.31831916	-0.33616391	-0.35222419	-0.37096118	-0.39148265	-0.4137886	-0.43921737	-0.46553838	-0.48918268	-0.50524296	-0.51461146	-0.52085712	-0.52799503	-0.53959412	-0.55253156	-0.56234618	-0.56725349	-0.5699302	-0.57171467	-0.57305303	-0.57216079	-0.5699302	-0.56546901	-0.55877723	-0.55163933	-0.54539366	-0.54048635	-0.53468681	-0.53067174	-0.52621055	-0.52130324	-0.51594982	-0.51059639	-0.5061352	-0.50301237	-0.49988954	-0.49408999	-0.4847215	-0.47178405	-0.45438541	-0.43074111	-0.40486622	-0.38568311	-0.38434475	-0.39951279	-0.41557307	-0.42538769	-0.42940276	-0.42895664	-0.42449545	-0.41512695	-0.40397398	-0.39148265	-0.3807758	-0.37185342	-0.36516164	-0.36070045	-0.36159269	-0.36739223	-0.38211416	-0.39995891	-0.41468083	-0.42984887	-0.44055573	-0.44412468	-0.44323244	-0.4352023	-0.41200412	-0.3642694	-0.30850454	-0.2719228	-0.2531858	-0.25987759	-0.27326115	-0.28084517	-0.27549175	-0.26121594	-0.24649402	-0.23623329	-0.23311045	-0.24515566	-0.26210818	-0.28352189	-0.31296573	-0.3406251	-0.36739223	-0.36962283	-0.34687077	-0.30627395	-0.28664472	-0.35177807	-0.4137886	-0.4659845	-0.49810506	-0.51862653	-0.52710279	-0.52174936	-0.52219548	-0.53825576	-0.55743887	-0.56546901	-0.5676996	-0.55788499	-0.55074709	-0.53959412	-0.51862653	-0.49944342	-0.48204478	-0.4610772	-0.43698678	-0.40754293	-0.37631461	-0.33928674	-0.30092052	-0.25452416	-0.20009766	-0.13764102	-0.059124095	-0.00068252374	0.090771844	0.17464219	0.29643264	0.41063907	0.54090578	0.68589441	0.85006616	1.0352055	1.2404202	1.4630335	1.7137523	1.9577793	2.1995757	2.4699238	2.6746923	2.9066741	3.0427404	3.0891368	3.1582852	3.1480244	2.9611006	2.7929138	2.5854686	2.5042749	2.3061981	2.0840309	1.8368811	1.5745632	1.3416891	1.1070306	0.79742413	0.59845512	0.41643862	0.188918	-0.046186648	-0.21571182	-0.38389863	-0.51684205	-0.67833708	-0.82689467	-0.92147187	-1.019618	-1.1119646	-1.2257249	-1.3002268	-1.3782976	-1.4412003	-1.5107949	-1.5594218	-1.6044799	-1.6486456	-1.6856735	-1.7209169	-1.7606215	-1.7856041	-1.811479	-1.833785	-1.8520758	-1.8730434	-1.8899959
2	1.713952	1.5796041	1.4555907	1.3414624	1.2345233	1.1325268	1.0345742	0.93886815	0.84585809	0.75509466	0.6715204	0.59513533	0.52369282	0.45629423	0.39338888	0.33407812	0.28375383	0.24016941	0.20152755	0.16737893	0.13637558	0.10716952	0.080659409	0.060439832	0.048308085	0.036625662	0.020000676	0.0078689297	0.0078689297	0.023595268	0.053250649	0.10357493	0.18625054	0.31206124	0.5007773	0.79688178	1.2551922	1.8011208	2.0051139	1.5400636	0.88360131	0.43382803	0.20557147	0.11031479	0.095037776	0.13907152	0.23073361	0.34531122	0.42169629	0.37676389	0.20961538	0.019102028	-0.12198569	-0.20780657	-0.25588423	-0.28553961	-0.30665783	-0.32687741	-0.34574902	-0.3641713	-0.3848402	-0.41000234	-0.43786043	-0.46212392	-0.47874891	-0.48908336	-0.49672187	-0.50660699	-0.52188401	-0.53895832	-0.55243803	-0.56052587	-0.56412046	-0.56591775	-0.56726573	-0.56771505	-0.56591775	-0.56187384	-0.55648195	-0.55064074	-0.5443502	-0.53850899	-0.53356643	-0.52772522	-0.52143468	-0.51514415	-0.50795496	-0.50211375	-0.49762051	-0.49447525	-0.49043133	-0.48459012	-0.47740094	-0.46616784	-0.44999217	-0.42932327	-0.40595843	-0.38933344	-0.39023209	-0.40595843	-0.42258341	-0.43246854	-0.43696178	-0.43651246	-0.43201922	-0.42438071	-0.41494491	-0.40371181	-0.39292803	-0.38528953	-0.37989764	-0.37675237	-0.37765102	-0.38439088	-0.39697195	-0.41179964	-0.42527936	-0.43830975	-0.4486442	-0.45223879	-0.45089082	-0.44325232	-0.42168477	-0.37720169	-0.32597876	-0.29362744	-0.27700245	-0.28374231	-0.29767136	-0.30396189	-0.29857	-0.28553961	-0.27250921	-0.26217476	-0.25813085	-0.26576936	-0.27924907	-0.29991798	-0.32732674	-0.35383685	-0.37854967	-0.38034696	-0.35833009	-0.31968823	-0.30261392	-0.36012738	-0.42168477	-0.4729077	-0.5048097	-0.52413063	-0.53131981	-0.52682657	-0.52817454	-0.54120494	-0.5573806	-0.56412046	-0.56412046	-0.5555833	-0.54479953	-0.53131981	-0.51334685	-0.49582322	-0.47829958	-0.45763068	-0.43336719	-0.40191451	-0.36911386	-0.3340666	-0.29991798	-0.25813085	-0.20690792	-0.14400257	-0.068516142	-0.010104028	0.080659409	0.16558164	0.28510181	0.39923009	0.52998336	0.67511499	0.83911824	1.0228917	1.2282328	1.4506481	1.7018202	1.9444552	2.1915833	2.4620763	2.6728093	2.9010658	3.0336164	3.0933765	3.1562818	3.1324677	2.9621739	2.8058092	2.6143972	2.5110527	2.3030157	2.0783537	1.8312255	1.5769082	1.3378678	1.1028714	0.80811488	0.60367249	0.40731792	0.17996	-0.04560062	-0.21903966	-0.38843479	-0.52817454	-0.68274198	-0.825627	-0.92447826	-1.0264748	-1.1199342	-1.2282213	-1.3050556	-1.384586	-1.4492886	-1.5180352	-1.5688088	-1.6159878	-1.6609202	-1.6995621	-1.7346093	-1.7719032	-1.7984133	-1.8244741	-1.8469403	-1.8662613	-1.8869302	-1.9035551
2	1.6882103	1.5533489	1.4314378	1.3189044	1.2126229	1.1112536	1.0143498	0.92012549	0.82858049	0.74060798	0.65799421	0.58207885	0.5128619	0.44721744	0.38514546	0.3275391	0.27618459	0.23108194	0.19267769	0.15918562	0.12658667	0.095327405	0.068087187	0.047545383	0.035488237	0.024770774	0.010480824	0.00020992182	-0.00068320009	0.010927385	0.040400408	0.093541161	0.18062055	0.31146291	0.51062909	0.83170642	1.3309616	1.9248876	2.1463819	1.641768	0.92950327	0.4373931	0.1846396	0.081930576	0.06942687	0.12212106	0.22438352	0.34986715	0.4373931	0.39675605	0.22215072	0.015839555	-0.14045678	-0.23602082	-0.28826845	-0.31729492	-0.33471079	-0.34944731	-0.36597006	-0.38338594	-0.40258806	-0.42670235	-0.45394257	-0.47805686	-0.49547274	-0.50574364	-0.51288861	-0.52181983	-0.5347701	-0.54950661	-0.55977751	-0.56558281	-0.56870873	-0.57094154	-0.57228122	-0.57228122	-0.57049498	-0.56602937	-0.55977751	-0.55173942	-0.545041	-0.53923571	-0.53432354	-0.52985793	-0.52494576	-0.51914047	-0.51333518	-0.508423	-0.50351083	-0.49904522	-0.49457962	-0.48832776	-0.47939654	-0.46644628	-0.44858384	-0.42446955	-0.39812245	-0.37981345	-0.37981345	-0.39588964	-0.41419864	-0.42580923	-0.43027484	-0.42893516	-0.42312986	-0.41419864	-0.40258806	-0.39053091	-0.37936689	-0.37043567	-0.36463038	-0.36150445	-0.36373726	-0.37088223	-0.38472562	-0.40258806	-0.41777113	-0.43206108	-0.44233198	-0.44635103	-0.44501135	-0.43652669	-0.41285896	-0.36418382	-0.30747058	-0.27129914	-0.2534367	-0.26058168	-0.27576475	-0.28469597	-0.28023036	-0.26772665	-0.25477638	-0.2453986	-0.24137955	-0.25075733	-0.26638697	-0.28782189	-0.31684836	-0.34408857	-0.36909599	-0.37088223	-0.34676794	-0.30523777	-0.28648221	-0.34944731	-0.41598489	-0.47001876	-0.50306427	-0.52271296	-0.52985793	-0.52494576	-0.52539232	-0.53878915	-0.55754471	-0.56558281	-0.56647593	-0.55665159	-0.54682725	-0.53610978	-0.51735422	-0.50038491	-0.48430871	-0.46599971	-0.44456479	-0.41821769	-0.38651186	-0.34766106	-0.31461555	-0.27129914	-0.21815838	-0.15430017	-0.079724489	-0.023011248	0.066747504	0.15159409	0.27127242	0.3846989	0.51554126	0.66156669	0.82634769	1.0116705	1.2175351	1.4399224	1.6904431	1.9342654	2.1816602	2.455402	2.6675185	2.8983905	3.0310191	3.085053	3.1524837	3.1337281	2.9591228	2.8041662	2.6072328	2.5085428	2.3022316	2.0753787	1.8266442	1.5712114	1.3345341	1.1018758	0.80401964	0.59726192	0.4030079	0.17838774	-0.0475721	-0.21994463	-0.38963779	-0.52762513	-0.68213522	-0.82592784	-0.92372469	-1.0246475	-1.1157459	-1.2233671	-1.2992825	-1.3783237	-1.4417354	-1.5109523	-1.5614137	-1.6074095	-1.6525122	-1.6904699	-1.7244085	-1.7619196	-1.7887133	-1.8146138	-1.8364953	-1.8548043	-1.8748995	-1.8918688
1	1.6728696	1.5411889	1.4200779	1.3086558	1.2038397	1.1029873	1.005658	0.91141165	0.82245011	0.7374522	0.65773913	0.58463212	0.51636955	0.450309	0.38909289	0.33228081	0.28207479	0.23759402	0.19839809	0.16404661	0.13101633	0.10106888	0.075085063	0.053505283	0.039852769	0.028402273	0.014749759	0.0037396672	0.0019780524	0.012988144	0.039412365	0.08785677	0.16668903	0.28559802	0.46572313	0.75594915	1.2126478	1.7609504	1.9688209	1.5033142	0.84226828	0.38556966	0.15215571	0.057028513	0.044697209	0.091820403	0.18518598	0.30189296	0.38204643	0.34329091	0.18210316	-0.0068300212	-0.14908041	-0.23760155	-0.28780757	-0.31643381	-0.33537117	-0.35034489	-0.36575902	-0.38073275	-0.39790849	-0.42036908	-0.44591249	-0.46793268	-0.48378721	-0.49347609	-0.50140336	-0.51241345	-0.52738717	-0.54368211	-0.55557301	-0.56305987	-0.5665831	-0.56878512	-0.56966593	-0.56922552	-0.5670235	-0.56305987	-0.55777503	-0.55072857	-0.54368211	-0.53795686	-0.53311242	-0.52870838	-0.52342354	-0.51769829	-0.51241345	-0.5071286	-0.50228416	-0.49788013	-0.49259528	-0.48598923	-0.47762156	-0.46573066	-0.44899532	-0.42785594	-0.40451455	-0.3873388	-0.38645799	-0.40143172	-0.41772666	-0.42829634	-0.43270038	-0.43270038	-0.42829634	-0.42080948	-0.4106802	-0.3996701	-0.39042163	-0.38337517	-0.37809032	-0.3754479	-0.37720952	-0.38381557	-0.39746809	-0.41332262	-0.42653473	-0.43974684	-0.44943572	-0.45251855	-0.45119734	-0.44371047	-0.42213069	-0.37809032	-0.3270035	-0.29309241	-0.27591667	-0.28208232	-0.29485403	-0.30278129	-0.29837726	-0.28692676	-0.27459546	-0.26578739	-0.26358537	-0.27371465	-0.28780757	-0.30762574	-0.33404996	-0.35915297	-0.38161355	-0.38205396	-0.36047418	-0.32171865	-0.30542372	-0.36531862	-0.4234519	-0.47189631	-0.50140336	-0.52078112	-0.52606596	-0.5190195	-0.51769829	-0.5309104	-0.54588413	-0.55293059	-0.55293059	-0.54456292	-0.53707605	-0.52298314	-0.50404578	-0.48642963	-0.46925389	-0.44811451	-0.42521352	-0.3987893	-0.36928225	-0.32964592	-0.2917712	-0.24861164	-0.19664401	-0.1354279	-0.056155233	0.0019780524	0.093141614	0.17725872	0.29836973	0.41551711	0.54763821	0.69517345	0.86208644	1.0488176	1.2584498	1.483496	1.7380494	1.9859966	2.2352651	2.5127194	2.7254344	2.9544443	3.0826018	3.1345694	3.20063	3.1772886	2.9967231	2.8386182	2.6325092	2.5298952	2.3185014	2.0912531	1.8384614	1.5764212	1.339484	1.1047489	0.80219154	0.59916544	0.40670904	0.17769912	-0.049549178	-0.2191046	-0.38645799	-0.52298314	-0.67932644	-0.82113643	-0.91494241	-1.0135928	-1.104316	-1.2104533	-1.2840007	-1.3615117	-1.4240491	-1.4918712	-1.5394348	-1.5856772	-1.6297176	-1.6671519	-1.7019438	-1.7384973	-1.7631599	-1.7891437	-1.8107235	-1.8296609	-1.8503598	-1.8662144
1	1.686264	1.5480411	1.4241789	1.31378	1.2083177	1.1059968	1.0086124	0.91392067	0.82237038	0.73396152	0.6504892	0.5759924	0.50598335	0.43911574	0.37718466	0.32019012	0.26992721	0.22415207	0.18376224	0.15055282	0.12048483	0.089968067	0.062143959	0.042846594	0.029832092	0.018163918	0.0047006402	-0.006518758	-0.0087626377	0.0015592087	0.030280868	0.083236428	0.16850385	0.29685377	0.49252007	0.80935588	1.3043557	1.8985351	2.1197816	1.6198452	0.91481822	0.42655001	0.17613304	0.073363357	0.060797631	0.11330441	0.21472777	0.34038503	0.42969144	0.39378937	0.22325452	0.020856574	-0.13262479	-0.22731651	-0.2798233	-0.30899373	-0.32739355	-0.34444703	-0.3637444	-0.38438809	-0.40592933	-0.43106079	-0.45798734	-0.48356757	-0.50151861	-0.51228923	-0.51991842	-0.52754761	-0.53966456	-0.55402539	-0.56524479	-0.57018132	-0.5724252	-0.57422031	-0.57601541	-0.57556664	-0.5724252	-0.56703989	-0.55985948	-0.55223029	-0.5446011	-0.53786946	-0.53248415	-0.52709883	-0.52126475	-0.51587944	-0.51004535	-0.50421126	-0.4997235	-0.49568452	-0.49074798	-0.48356757	-0.47324572	-0.45843612	-0.43913875	-0.41490485	-0.3879783	-0.36823216	-0.3673346	-0.38304176	-0.40054402	-0.41266097	-0.41894384	-0.41984139	-0.41625118	-0.40951954	-0.3991977	-0.3879783	-0.37810523	-0.37002726	-0.36284685	-0.35835909	-0.35835909	-0.3637444	-0.37765645	-0.39695382	-0.41266097	-0.42747058	-0.4382412	-0.44183141	-0.44048508	-0.43150956	-0.40727566	-0.35835909	-0.30226209	-0.26591124	-0.24751143	-0.25424307	-0.26815512	-0.27713064	-0.27264288	-0.26007716	-0.24751143	-0.23808714	-0.23449693	-0.24706266	-0.26411614	-0.28475983	-0.31393027	-0.34220315	-0.36912971	-0.37092481	-0.34758846	-0.30630108	-0.28655494	-0.352525	-0.41669996	-0.46965552	-0.50421126	-0.52620128	-0.53427925	-0.52889394	-0.52844516	-0.54325477	-0.56300091	-0.5706301	-0.57197643	-0.56300091	-0.55402539	-0.54011334	-0.51857209	-0.49927473	-0.48267002	-0.46337265	-0.43958753	-0.41176342	-0.38079788	-0.34265193	-0.30854496	-0.26636002	-0.21519956	-0.15192216	-0.076976579	-0.021328364	0.070670702	0.15414302	0.27441497	0.38885283	0.52034418	0.66664513	0.83403856	1.0211781	1.2294101	1.4542469	1.7060102	1.9496955	2.1960735	2.4657878	2.6767125	2.9046907	3.0352845	3.0936254	3.1591466	3.1461321	2.9603389	2.7992283	2.5972792	2.5007924	2.299292	2.0784942	1.8339113	1.5749676	1.3389115	1.1073431	0.80082914	0.59753364	0.41667694	0.19228898	-0.042420832	-0.21295569	-0.38124666	-0.51453311	-0.67339979	-0.82149584	-0.91663634	-1.015367	-1.1082637	-1.221804	-1.2985447	-1.3784268	-1.4426017	-1.5153034	-1.5664639	-1.6126878	-1.6589117	-1.6970577	-1.7311647	-1.7711057	-1.7966859	-1.8227149	-1.8456025	-1.8635535	-1.884646	-1.9012507
2	1.6827691	1.5500058	1.4291912	1.3163424	1.2114594	1.1114444	1.0145272	0.9198227	0.8299862	0.74457515	0.6622619	0.58658682	0.51710737	0.45205335	0.39053969	0.33256638	0.28123124	0.23741935	0.198918	0.16439954	0.13297889	0.10200079	0.0741205	0.05464855	0.042257309	0.030308612	0.01570465	0.0033134088	0.00065814284	0.010394118	0.035619144	0.083413931	0.16218682	0.28123124	0.46223187	0.75254095	1.2057063	1.7526911	1.9642273	1.5044237	0.84680289	0.39452259	0.163957	0.068367424	0.055533639	0.10155825	0.19405001	0.3077839	0.38522916	0.34717035	0.18829694	0.0011006872	-0.14007095	-0.22636709	-0.27504697	-0.30292726	-0.32151412	-0.33833081	-0.35559004	-0.37373435	-0.39497648	-0.42064405	-0.44631162	-0.46799629	-0.48392789	-0.49410641	-0.50162966	-0.51136564	-0.5259696	-0.54145865	-0.55207971	-0.55871788	-0.56270078	-0.56447096	-0.56579859	-0.56579859	-0.56358587	-0.55916042	-0.55340735	-0.54676918	-0.54057356	-0.53570557	-0.53128013	-0.52729723	-0.52287179	-0.51844635	-0.51357836	-0.50915292	-0.50472747	-0.50030203	-0.49587659	-0.49012351	-0.48127262	-0.46888138	-0.45250724	-0.43170766	-0.40869535	-0.39187867	-0.39143613	-0.40559754	-0.4210866	-0.43126511	-0.43569056	-0.43524801	-0.43038003	-0.42241423	-0.41223571	-0.40161465	-0.39143613	-0.38347033	-0.37860234	-0.37594707	-0.37771725	-0.38391287	-0.39674666	-0.41223571	-0.42551204	-0.43790328	-0.44719671	-0.45073707	-0.44940943	-0.44232872	-0.42152914	-0.37771725	-0.32638211	-0.29274874	-0.27548951	-0.28080005	-0.29451892	-0.30204217	-0.29850182	-0.28743821	-0.27504697	-0.26531099	-0.26221318	-0.27194916	-0.28699567	-0.30646762	-0.33213519	-0.35647512	-0.37860234	-0.37948743	-0.35780276	-0.32018649	-0.30381235	-0.36134311	-0.42152914	-0.46976647	-0.50030203	-0.5180038	-0.52419942	-0.51888889	-0.51844635	-0.53083759	-0.54676918	-0.55340735	-0.55340735	-0.54411392	-0.53349285	-0.51977398	-0.49985948	-0.4830428	-0.46622612	-0.44675417	-0.42374186	-0.3971892	-0.36709619	-0.32682466	-0.29053602	-0.24628159	-0.19273373	-0.12944989	-0.053332264	0.006411219	0.098017894	0.18475658	0.30557118	0.42196034	0.55383854	0.70209089	0.86981519	1.0565689	1.2632371	1.4880496	1.7402999	1.9836992	2.2315241	2.5041314	2.7156676	2.9422502	3.0750135	3.1303316	3.1883049	3.163965	2.9913727	2.8302865	2.624946	2.5165226	2.3080842	2.0828292	1.8319065	1.5734607	1.3336016	1.0990531	0.80343354	0.5963228	0.40116075	0.17590569	-0.050234454	-0.22326928	-0.39099358	-0.53083759	-0.6857281	-0.82822737	-0.92602967	-1.0264872	-1.1167663	-1.2225344	-1.2973244	-1.373442	-1.4353982	-1.5008947	-1.5495746	-1.5951567	-1.638526	-1.6756997	-1.7097757	-1.7460643	-1.7721744	-1.7973994	-1.8190841	-1.837671	-1.858028	-1.8748447
2	1.6832872	1.5498606	1.4276275	1.3134537	1.2091302	1.1092842	1.01302	0.91989003	0.82676005	0.73810748	0.65796197	0.58229387	0.51065543	0.44438987	0.38170623	0.32394774	0.27245761	0.22768358	0.18962566	0.15604514	0.12470332	0.0956002	0.069631265	0.051721654	0.039632667	0.02799142	0.015454693	0.0042611862	0.0038134459	0.018141134	0.048587472	0.1023163	0.19186436	0.32708192	0.52901278	0.85317673	1.3631529	1.9707364	2.1910246	1.6806007	0.96063439	0.45782207	0.19992368	0.093809239	0.080824772	0.13634456	0.24290675	0.37185594	0.4591653	0.41752545	0.24022031	0.029782381	-0.12961315	-0.22856375	-0.28453128	-0.3136344	-0.33064853	-0.34855814	-0.36960194	-0.39019799	-0.41079404	-0.43452427	-0.46004547	-0.48198474	-0.49765565	-0.50661046	-0.51243108	-0.52004266	-0.53257939	-0.54735482	-0.55899607	-0.56481669	-0.56839861	-0.57198054	-0.5737715	-0.57421924	-0.57242828	-0.56705539	-0.55989155	-0.55183222	-0.5437729	-0.53795227	-0.53257939	-0.52720651	-0.52272911	-0.5182517	-0.51287882	-0.50750594	-0.50347627	-0.49989435	-0.49541695	-0.48825311	-0.47750734	-0.46228417	-0.44213586	-0.41795788	-0.39154121	-0.37228838	-0.37184064	-0.38840703	-0.40765986	-0.42064433	-0.42601721	-0.42467399	-0.4193011	-0.41079404	-0.40004827	-0.38840703	-0.37766126	-0.36825871	-0.36154261	-0.35840843	-0.35975165	-0.36602001	-0.38124318	-0.40049601	-0.41571918	-0.43183783	-0.44303134	-0.447061	-0.44571778	-0.43721072	-0.41303274	-0.36333357	-0.3046796	-0.26662167	-0.24781658	-0.25587591	-0.27154682	-0.2813971	-0.2769197	-0.26393523	-0.25050302	-0.23975726	-0.23617534	-0.24647336	-0.26124879	-0.28229258	-0.31229118	-0.3413943	-0.36915419	-0.37004968	-0.34542396	-0.30288864	-0.2836358	-0.35214006	-0.4170624	-0.47123898	-0.5048195	-0.52720651	-0.53616131	-0.53034069	-0.53034069	-0.54690708	-0.56705539	-0.57511472	-0.57780116	-0.56884635	-0.56033929	-0.54780256	-0.52765425	-0.51108786	-0.49541695	-0.47616412	-0.45422485	-0.42646495	-0.39557087	-0.35796069	-0.32303695	-0.2813971	-0.23035471	-0.1690143	-0.093793932	-0.038721879	0.051273914	0.13321038	0.25275703	0.3669308	0.49632774	0.6427388	0.80750722	0.99063299	1.1983845	1.4244933	1.6743324	1.9165599	2.1663989	2.4390727	2.6490629	2.8863653	3.0229261	3.083371	3.1478456	3.1362043	2.9539741	2.7932353	2.5899612	2.4963835	2.2975868	2.0777464	1.8310415	1.5709044	1.3376317	1.1057022	0.79541823	0.59124867	0.41036161	0.18649147	-0.048124425	-0.21960895	-0.38975025	-0.52272911	-0.68212464	-0.82943119	-0.92345664	-1.021064	-1.112403	-1.2238904	-1.2995585	-1.3792562	-1.4432831	-1.5140261	-1.564173	-1.6102902	-1.6559597	-1.6935699	-1.7271504	-1.7665516	-1.7925205	-1.8180417	-1.8404287	-1.8587861	-1.8793821	-1.8963962
1	1.6855866	1.5509878	1.428383	1.315551	1.2120477	1.1116539	1.0125927	0.91930646	0.8286855	0.74028565	0.65810488	0.5821432	0.5124006	0.44621176	0.38357669	0.32538383	0.2747427	0.22943223	0.18900817	0.15524742	0.12459622	0.093056573	0.065514911	0.045969214	0.033086824	0.021092874	0.0064336018	-0.0077814499	-0.012223654	-0.0028950259	0.024202416	0.075287759	0.15968963	0.28762509	0.48086095	0.79048255	1.2746827	1.8552788	2.0742794	1.5838601	0.88998791	0.41156258	0.16502027	0.060628487	0.043303892	0.091723912	0.18856395	0.30983611	0.39645908	0.35958879	0.19300616	-0.0051161277	-0.15481839	-0.24588357	-0.29563625	-0.32228947	-0.3382814	-0.35427334	-0.37293059	-0.39336473	-0.41557575	-0.44045209	-0.46754953	-0.49153743	-0.50797358	-0.51730221	-0.52218863	-0.52885194	-0.54040167	-0.55372828	-0.56394535	-0.56838755	-0.57016443	-0.5714971	-0.57238554	-0.57238554	-0.57016443	-0.56616645	-0.55994737	-0.55283984	-0.54573231	-0.53995745	-0.53551525	-0.53107304	-0.52663084	-0.52130019	-0.51508111	-0.51019468	-0.50664092	-0.50308716	-0.49908918	-0.49331431	-0.4844299	-0.47154751	-0.45422292	-0.43023502	-0.40447024	-0.38581298	-0.38492454	-0.39958381	-0.41601997	-0.42668126	-0.43067924	-0.4297908	-0.42446015	-0.41513153	-0.40447024	-0.39292051	-0.381815	-0.37293059	-0.36626729	-0.36138086	-0.3622693	-0.36804417	-0.38225922	-0.40091647	-0.41557575	-0.4297908	-0.44045209	-0.44489429	-0.44400585	-0.43556566	-0.41291042	-0.36537885	-0.3098513	-0.27253679	-0.25387953	-0.25921018	-0.27253679	-0.28053276	-0.27475789	-0.26143128	-0.24721623	-0.2378876	-0.23522228	-0.24632779	-0.26276394	-0.28408652	-0.31384928	-0.34139095	-0.36804417	-0.37026527	-0.34716581	-0.30718598	-0.2880845	-0.35116379	-0.41379886	-0.46621687	-0.49864495	-0.51952331	-0.52707506	-0.52130019	-0.52174441	-0.53684791	-0.55550516	-0.56350113	-0.56572223	-0.55683782	-0.54884186	-0.53595947	-0.51552533	-0.49686807	-0.47821082	-0.45733246	-0.43245612	-0.40224914	-0.36982105	-0.33117388	-0.29474781	-0.25032577	-0.19835199	-0.13482847	-0.05620147	0.0019913981	0.095277675	0.1787911	0.29961904	0.41245102	0.54171914	0.68564654	0.8504523	1.0365806	1.2413662	1.4634764	1.7153494	1.9578937	2.2013264	2.4727451	2.6815286	2.916077	3.0493431	3.1093129	3.178167	3.1652846	2.9778236	2.8125737	2.6051227	2.5096154	2.3079393	2.0889387	1.8419522	1.5789737	1.3439811	1.1116539	0.80292072	0.59902357	0.41733744	0.19345038	-0.041097977	-0.21301126	-0.38314766	-0.51596955	-0.67588888	-0.82381426	-0.91798898	-1.0161617	-1.1076711	-1.2196146	-1.2946879	-1.3728706	-1.4350615	-1.5039156	-1.5523357	-1.5967577	-1.6411797	-1.6784942	-1.7126992	-1.7522348	-1.7779996	-1.8033202	-1.8255312	-1.8437442	-1.8646226	-1.881503
2	1.6703311	1.5367591	1.4174348	1.3043438	1.198822	1.0995334	1.0042521	0.91208741	0.82125846	0.73354618	0.65251251	0.57726695	0.50825475	0.44280448	0.3818066	0.32526112	0.27450376	0.23042501	0.19213437	0.15785089	0.12534837	0.095517294	0.069248136	0.049657577	0.037190857	0.026059858	0.012257419	0.0011264191	0.00068117911	0.013147898	0.042533737	0.095517294	0.18278433	0.31323964	0.51137143	0.82749182	1.3217082	1.9112059	2.128483	1.6302595	0.92544461	0.43657112	0.18634625	0.084386295	0.071919575	0.12445789	0.22641785	0.34930408	0.43345444	0.3929376	0.21973925	0.016264578	-0.13823369	-0.23306981	-0.28605337	-0.31454872	-0.33146784	-0.346606	-0.36307988	-0.37955376	-0.39914432	-0.42363252	-0.45034692	-0.47438988	-0.49219948	-0.50243999	-0.51000907	-0.51891387	-0.53227107	-0.54651875	-0.55631403	-0.56210215	-0.56566407	-0.56833551	-0.56967123	-0.56967123	-0.56789027	-0.56343787	-0.55675927	-0.54963543	-0.54251159	-0.53716871	-0.53227107	-0.52781867	-0.52247579	-0.51668767	-0.51089955	-0.50600191	-0.50110427	-0.49709711	-0.49264472	-0.48596612	-0.47750656	-0.46414936	-0.44633976	-0.42318728	-0.39736336	-0.37866328	-0.37910852	-0.39602764	-0.41383724	-0.42496824	-0.42942064	-0.42808492	-0.42274204	-0.41383724	-0.40270624	-0.39023952	-0.379999	-0.37198468	-0.36575132	-0.36263464	-0.36530608	-0.37287516	-0.3866776	-0.40404196	-0.41873488	-0.43253732	-0.44277784	-0.446785	-0.44544928	-0.43743496	-0.41383724	-0.36575132	-0.31009632	-0.27403189	-0.25577705	-0.26245565	-0.27714857	-0.28605337	-0.28204621	-0.26957949	-0.25666753	-0.24687225	-0.24375557	-0.25444133	-0.26957949	-0.29139625	-0.32078208	-0.34838696	-0.3733204	-0.37465612	-0.3510584	-0.31009632	-0.29184149	-0.35417508	-0.41873488	-0.47216368	-0.50511143	-0.52470199	-0.53182583	-0.52648295	-0.52648295	-0.54028539	-0.55854023	-0.56655455	-0.56744503	-0.55898547	-0.54963543	-0.53805919	-0.51980435	-0.50199475	-0.48596612	-0.46860176	-0.446785	-0.4200706	-0.38934904	-0.34927744	-0.31410348	-0.27136045	-0.22015785	-0.15648853	-0.079462017	-0.02291654	0.068357656	0.15339849	0.27316804	0.38714948	0.51805003	0.66453398	0.83016326	1.0144926	1.2206387	1.4437039	1.6966003	1.942818	2.1899261	2.4655297	2.6801354	2.9121054	3.0434512	3.0977705	3.1645565	3.1449659	2.9673151	2.8119264	2.616466	2.5149513	2.3056885	2.0786162	1.827946	1.5692616	1.3315035	1.0964168	0.79810598	0.59195987	0.39872572	0.17343429	-0.052302378	-0.22371977	-0.39246572	-0.53004487	-0.68454315	-0.82701994	-0.92363701	-1.023816	-1.1141997	-1.2219478	-1.2971934	-1.3760008	-1.4396701	-1.5077919	-1.5572135	-1.6035185	-1.6475972	-1.6858879	-1.7206166	-1.7575715	-1.7833954	-1.8092193	-1.8310361	-1.8497362	-1.869772	-1.8862458
2	1.6902006	1.5539048	1.4365015	1.3244961	1.2169889	1.1148795	1.0177181	0.92325573	0.83149224	0.74422696	0.66235953	0.58544014	0.51481824	0.44689526	0.3834705	0.32634323	0.27461381	0.22918189	0.18959764	0.15586106	0.12572305	0.096034866	0.069945247	0.050602943	0.038457775	0.028561713	0.015067082	0.0038215564	0.0038215564	0.016866366	0.047454196	0.103232	0.19139692	0.32544359	0.52966233	0.8562324	1.3672291	1.9735878	2.1948998	1.6825536	0.96104069	0.45859061	0.20039334	0.095585045	0.082090414	0.13651876	0.2422267	0.37177515	0.4603899	0.41855654	0.24042741	0.029011534	-0.13022511	-0.22783627	-0.28226461	-0.31150298	-0.33084529	-0.34928795	-0.36908007	-0.3888722	-0.40956396	-0.43340448	-0.45859446	-0.48063569	-0.49727906	-0.50672531	-0.51257298	-0.51977011	-0.53281492	-0.5472092	-0.55845472	-0.56520204	-0.56925043	-0.572849	-0.57464828	-0.57419846	-0.57194935	-0.56700132	-0.55935436	-0.55125759	-0.54406045	-0.53776296	-0.5323651	-0.52741707	-0.52291886	-0.51752101	-0.51212316	-0.50672531	-0.50312674	-0.49952817	-0.49502996	-0.48783282	-0.47703712	-0.46264284	-0.44375036	-0.41856038	-0.3911213	-0.37132918	-0.37132918	-0.38797256	-0.40641522	-0.41856038	-0.42395824	-0.42305859	-0.41856038	-0.41001379	-0.39876826	-0.38662309	-0.37582739	-0.36728079	-0.36008365	-0.35558544	-0.3569349	-0.36413204	-0.3803256	-0.3996679	-0.41496182	-0.42980591	-0.44060161	-0.44509982	-0.44375036	-0.4361034	-0.41091343	-0.36008365	-0.30250656	-0.26472159	-0.24537929	-0.25302625	-0.26966963	-0.27956569	-0.27461766	-0.26067321	-0.2476284	-0.23728251	-0.23323412	-0.24223054	-0.25707464	-0.27911587	-0.30925388	-0.3375926	-0.36413204	-0.3654815	-0.34119117	-0.29845817	-0.27911587	-0.34703884	-0.41226289	-0.46759088	-0.50222709	-0.52426833	-0.53326475	-0.52786689	-0.52786689	-0.54451027	-0.56565186	-0.57419846	-0.57644756	-0.5665515	-0.55845472	-0.54585973	-0.52561779	-0.50852459	-0.4936805	-0.47433819	-0.45139732	-0.42485788	-0.39471987	-0.3569349	-0.32094922	-0.27866605	-0.22873591	-0.16756025	-0.092889964	-0.037561978	0.05375169	0.13696858	0.25617115	0.36862641	0.49862468	0.64481651	0.80900119	0.99387763	1.2012451	1.4248062	1.6776056	1.9223082	2.1661112	2.4364537	2.6478695	2.8844754	3.016273	3.0617049	3.1336762	3.1282784	2.9402532	2.7778678	2.5781473	2.4926813	2.29476	2.0765968	1.8296451	1.563351	1.3307936	1.0986859	0.79190799	0.59083799	0.40776084	0.18150086	-0.052406072	-0.22288824	-0.39292059	-0.52651743	-0.68620389	-0.83419501	-0.9282076	-1.0267184	-1.1189317	-1.2318368	-1.3065071	-1.3861254	-1.4508996	-1.5219714	-1.5723513	-1.6186829	-1.6641148	-1.7014499	-1.7360862	-1.7756704	-1.80176	-1.8273998	-1.8489912	-1.8674339	-1.8885755	-1.9056687
2	1.7766357	1.6371319	1.5098573	1.3893767	1.2756901	1.1674388	1.0646226	0.96678878	0.87121959	0.77927388	0.69231045	0.61123517	0.5369539	0.46629611	0.39880887	0.3376627	0.28285762	0.23439363	0.19227071	0.15422421	0.11934825	0.086736965	0.05729622	0.035555362	0.021967325	0.0092851581	-0.0065675509	-0.020155587	-0.023779064	-0.013814504	0.0124557	0.0622785	0.14561846	0.27108132	0.46312557	0.77655628	1.269802	1.8622404	2.0855371	1.5841386	0.87801361	0.39201485	0.14380672	0.04234938	0.031026016	0.082660554	0.18411789	0.3113925	0.40197941	0.36665051	0.19544126	-0.0088322236	-0.1632829	-0.25613448	-0.30686315	-0.33358629	-0.34898607	-0.3625741	-0.37842681	-0.39654419	-0.41737918	-0.44138471	-0.46810785	-0.49166045	-0.50796609	-0.51702478	-0.52336587	-0.53151869	-0.54420085	-0.55869476	-0.56911225	-0.57545334	-0.57907681	-0.58179442	-0.58315322	-0.58315322	-0.58134149	-0.57771801	-0.57137693	-0.5632241	-0.55597715	-0.550089	-0.54465379	-0.53967151	-0.53514216	-0.52970695	-0.5238188	-0.51838359	-0.51340131	-0.50887196	-0.50479555	-0.49845447	-0.48984871	-0.47716654	-0.45904916	-0.4359495	-0.40967929	-0.38975017	-0.38839137	-0.40424408	-0.42190853	-0.43323189	-0.43640243	-0.43459069	-0.42870255	-0.41873799	-0.40560288	-0.39201485	-0.38023855	-0.37072692	-0.36302704	-0.35759182	-0.35713889	-0.36347997	-0.37706801	-0.39427952	-0.41058516	-0.42462613	-0.43549656	-0.44047884	-0.43912004	-0.43142015	-0.40832049	-0.35895063	-0.30278674	-0.26609904	-0.24752873	-0.25568155	-0.273346	-0.28149882	-0.27651654	-0.2629285	-0.24798166	-0.23711123	-0.23167602	-0.23711123	-0.25024634	-0.27108132	-0.30006914	-0.32860401	-0.35442128	-0.35759182	-0.33358629	-0.28965164	-0.26972252	-0.32950988	-0.39609126	-0.45089634	-0.48396056	-0.50298381	-0.50841903	-0.50253088	-0.50298381	-0.51566598	-0.53333043	-0.54103031	-0.54103031	-0.53242456	-0.52155413	-0.50841903	-0.49030164	-0.47309013	-0.45542568	-0.4359495	-0.41194397	-0.38159735	-0.34853313	-0.3113925	-0.27742241	-0.23575243	-0.1854767	-0.12342466	-0.048237529	0.0092851581	0.098060329	0.18321202	0.29871033	0.4110381	0.53921857	0.68279882	0.84313765	1.0211409	1.2217909	1.4391995	1.6801607	1.9156867	2.1543832	2.4175381	2.6290586	2.8469201	2.9755535	3.0407761	3.1087162	3.0905989	2.9411305	2.798909	2.6127529	2.5117485	2.3120044	2.0941429	1.8540876	1.6054265	1.3685417	1.138451	0.84540233	0.63614657	0.43685537	0.20767049	-0.021061456	-0.1986118	-0.37208573	-0.51838359	-0.67509894	-0.82184973	-0.92511881	-1.0306526	-1.1253159	-1.2331143	-1.311472	-1.3911885	-1.456864	-1.52571	-1.5782504	-1.6258085	-1.6720079	-1.7114132	-1.7467421	-1.7838827	-1.8115117	-1.8377819	-1.8608816	-1.8808107	-1.9016457	-1.9188572
1	1.6937241	1.556963	1.4328399	1.3177439	1.2125778	1.1119252	1.0139808	0.91784178	0.82486227	0.73549363	0.65244398	0.57706739	0.50620437	0.43940356	0.37892175	0.32114808	0.26788798	0.2227523	0.18348426	0.1496325	0.11758616	0.087345257	0.060263849	0.040855506	0.028217516	0.016482239	0.0029415347	-0.0083423854	-0.010599169	0.0002333939	0.029571586	0.081477619	0.16813812	0.29993431	0.49717724	0.81583514	1.3172925	1.916243	2.1346997	1.6287287	0.92054992	0.42902236	0.17761662	0.075158623	0.062069276	0.11578074	0.21823873	0.34552135	0.43669542	0.40058688	0.22952265	0.024606661	-0.13020872	-0.22589636	-0.27870511	-0.30668923	-0.3247435	-0.34324913	-0.36265748	-0.38251718	-0.40463366	-0.42990964	-0.45699105	-0.48181567	-0.49986994	-0.51160522	-0.51837557	-0.52604864	-0.53823527	-0.55267869	-0.56351125	-0.56892754	-0.57118432	-0.57253839	-0.57298975	-0.57298975	-0.57073296	-0.56486532	-0.55719226	-0.54861648	-0.54139477	-0.53462442	-0.52920814	-0.52424321	-0.51837557	-0.51295929	-0.50754301	-0.50167537	-0.49671045	-0.49174552	-0.48632924	-0.47955889	-0.46917768	-0.45428291	-0.43442321	-0.40959858	-0.38251718	-0.36265748	-0.36130341	-0.37619818	-0.3938011	-0.40689044	-0.4136608	-0.41501487	-0.41140401	-0.4041823	-0.39470381	-0.38341989	-0.37349004	-0.36491426	-0.35724119	-0.35227627	-0.35227627	-0.35814391	-0.37258733	-0.3906416	-0.40598773	-0.42178522	-0.43352049	-0.43713135	-0.43667999	-0.42810421	-0.40373095	-0.3540817	-0.2976621	-0.2611022	-0.24214521	-0.24981828	-0.26606712	-0.2746429	-0.27058069	-0.25839405	-0.24530471	-0.23537486	-0.23311807	-0.24485335	-0.26155355	-0.28321868	-0.31210551	-0.34008964	-0.36491426	-0.36491426	-0.34144371	-0.29946752	-0.28141325	-0.34866542	-0.41320944	-0.46872633	-0.50393216	-0.52559728	-0.53417306	-0.52965949	-0.53056221	-0.54681105	-0.56486532	-0.57253839	-0.57434382	-0.56441397	-0.55583819	-0.54229748	-0.52198643	-0.50302944	-0.48542653	-0.46601818	-0.44209627	-0.41636894	-0.38928753	-0.35272763	-0.31571637	-0.27238612	-0.22273687	-0.16315777	-0.084621685	-0.027299371	0.064777417	0.146473	0.26653391	0.38433803	0.51658558	0.6637279	0.83118127	1.0189457	1.2301807	1.4567618	1.7072648	1.9482894	2.1938275	2.466447	2.6718143	2.8970414	3.0288375	3.0816463	3.1434822	3.1299415	2.9475933	2.7873617	2.5856052	2.4944311	2.2949314	2.075572	1.8282285	1.5668929	1.3335414	1.0988359	0.7932673	0.59557302	0.41457894	0.18754647	-0.045353643	-0.21370973	-0.38116311	-0.51431336	-0.67635046	-0.82439549	-0.92008313	-1.0207357	-1.1146179	-1.2288112	-1.3055418	-1.3863347	-1.4517814	-1.5249012	-1.5759046	-1.623297	-1.6684327	-1.7063467	-1.7415525	-1.7808206	-1.8069992	-1.8331779	-1.8561971	-1.8747028	-1.8954652	-1.9121654
1	1.6602556	1.5274339	1.4062397	1.2939898	1.1902368	1.0914032	0.99570002	0.90357456	0.81368514	0.72558457	0.64419217	0.56995514	0.50108465	0.43623905	0.37541835	0.31862255	0.26898213	0.22604988	0.18848415	0.15494333	0.12363855	0.094122628	0.069078812	0.051637582	0.04179894	0.031513087	0.018991179	0.0082581144	0.0064692704	0.019885601	0.052979215	0.11066944	0.20368933	0.34366637	0.55430276	0.88836938	1.4048981	2.0157883	2.2326857	1.7107904	0.98094206	0.47380478	0.21173912	0.10396127	0.090992151	0.14421026	0.24975206	0.38033767	0.46977988	0.42640041	0.24617437	0.035537986	-0.12366913	-0.22160834	-0.27572088	-0.30478959	-0.32357245	-0.34056647	-0.35979655	-0.37902662	-0.39959833	-0.42553656	-0.45415807	-0.47920189	-0.49709033	-0.50737618	-0.51453156	-0.52302856	-0.53555047	-0.54986123	-0.55925266	-0.56417198	-0.56685524	-0.5690913	-0.57043293	-0.57043293	-0.56819688	-0.56372477	-0.5570166	-0.54941401	-0.54270585	-0.53689211	-0.53152557	-0.52660625	-0.52168693	-0.5163204	-0.51005945	-0.50514012	-0.50066801	-0.49753754	-0.49351264	-0.48725168	-0.47830746	-0.46533834	-0.44610827	-0.42151167	-0.394679	-0.37500172	-0.37455451	-0.39154853	-0.40988418	-0.42106445	-0.42553656	-0.42464214	-0.4188284	-0.40943697	-0.39780948	-0.38484036	-0.37321288	-0.36516308	-0.35845491	-0.35487723	-0.35621886	-0.36337423	-0.37902662	-0.39825669	-0.41390908	-0.42956146	-0.44118895	-0.44521385	-0.44387222	-0.434928	-0.40988418	-0.35845491	-0.29942306	-0.26096291	-0.24173284	-0.248441	-0.26364618	-0.27169598	-0.26632945	-0.25291312	-0.23904957	-0.22965814	-0.22697488	-0.23770794	-0.25470196	-0.27840414	-0.30970891	-0.34011926	-0.36739913	-0.3700824	-0.345933	-0.30255354	-0.28332346	-0.34951069	-0.41659234	-0.47249372	-0.50737618	-0.52884231	-0.53823374	-0.53376163	-0.53420884	-0.54941401	-0.57088014	-0.57982436	-0.58206042	-0.5731162	-0.56461919	-0.55433334	-0.53599768	-0.51945088	-0.50469291	-0.48635726	-0.4635495	-0.43716405	-0.4067537	-0.36784634	-0.3334111	-0.29092605	-0.23860236	-0.17465119	-0.099519739	-0.042723941	0.048059894	0.13124114	0.25064648	0.36423808	0.49437648	0.63927285	0.80339929	0.98854465	1.1956033	1.4187616	1.6727775	1.9200852	2.1687345	2.4442165	2.6588778	2.8923219	3.0255908	3.081045	3.1449961	3.1284493	2.951801	2.7952771	2.5922433	2.4925153	2.2885871	2.0645343	1.8132017	1.5520305	1.3181392	1.0855894	0.78327479	0.58068821	0.39151795	0.1661236	-0.061506803	-0.23099978	-0.39736227	-0.53242	-0.68760222	-0.83115695	-0.92730732	-1.0274826	-1.1182664	-1.2287275	-1.3052006	-1.3839098	-1.4474137	-1.515837	-1.5654774	-1.6115402	-1.6567085	-1.6942742	-1.7287094	-1.7667224	-1.7922134	-1.8177044	-1.8391706	-1.8579534	-1.8789723	-1.8955192
1	1.7065088	1.5692683	1.4450769	1.3307848	1.2232423	1.1210993	1.0230061	0.92896263	0.83761896	0.74717522	0.66348101	0.58788624	0.51679116	0.4497458	0.38675016	0.32825421	0.27650779	0.23106093	0.19146367	0.15681607	0.12441831	0.093370461	0.066822299	0.047473638	0.035324478	0.024075257	0.011476129	0.00067687623	-0.00067303035	0.012826035	0.043423918	0.098320119	0.18786392	0.32465446	0.53119016	0.86146731	1.3775816	1.9890893	2.2131738	1.6925598	0.96046046	0.45199564	0.19146367	0.08617096	0.072671894	0.12801806	0.23601059	0.36785147	0.45964511	0.42004785	0.24006031	0.027675008	-0.13296388	-0.23195702	-0.28685323	-0.31700114	-0.33544986	-0.35209871	-0.37009746	-0.38809622	-0.40699491	-0.43129323	-0.45829136	-0.48213971	-0.49923853	-0.51048775	-0.51858719	-0.5271366	-0.54063566	-0.55638457	-0.56853373	-0.5748333	-0.57753311	-0.57978295	-0.58158283	-0.58158283	-0.57978295	-0.5748333	-0.56853373	-0.56133423	-0.55413473	-0.5473852	-0.54108563	-0.53568601	-0.52938644	-0.52353685	-0.51678731	-0.51048775	-0.50553809	-0.50148837	-0.49608875	-0.48933921	-0.47988987	-0.46594083	-0.44749211	-0.42364376	-0.39619566	-0.37639703	-0.37594706	-0.39214594	-0.41014469	-0.42229385	-0.42679354	-0.42544363	-0.42004401	-0.41104463	-0.39979541	-0.38674631	-0.37549709	-0.36694768	-0.35929821	-0.35479852	-0.35479852	-0.36244799	-0.3781969	-0.39664563	-0.41374444	-0.42949335	-0.44074258	-0.44524226	-0.44389236	-0.43489298	-0.40969472	-0.35749834	-0.29900238	-0.26075503	-0.2409564	-0.24770593	-0.26345484	-0.27155428	-0.26525472	-0.25220562	-0.23780662	-0.22745734	-0.22340762	-0.23330693	-0.25085572	-0.27380413	-0.30395204	-0.33409996	-0.36154806	-0.36469784	-0.34084949	-0.29765248	-0.27875379	-0.3435493	-0.41194457	-0.46909061	-0.50328825	-0.52308688	-0.53028638	-0.52488675	-0.52623666	-0.54198557	-0.56133423	-0.56943367	-0.57078358	-0.56268414	-0.55368476	-0.54108563	-0.52218694	-0.50553809	-0.48888924	-0.46909061	-0.44434233	-0.41329448	-0.38089672	-0.34579915	-0.31340139	-0.27200425	-0.22160774	-0.16086194	-0.086167114	-0.029021069	0.059622797	0.14421694	0.26300872	0.37550094	0.50509197	0.64953197	0.8124207	0.99555803	1.2002939	1.4212286	1.6700613	1.9116946	2.1569277	2.426459	2.6383943	2.8651786	2.9920699	3.0510158	3.1248107	3.105462	2.9376236	2.787334	2.5974472	2.4971041	2.2946181	2.0714336	1.8235007	1.5706182	1.3321347	1.0981509	0.80477123	0.59823552	0.4020491	0.17571476	-0.050619574	-0.22295765	-0.39214594	-0.53208625	-0.68732551	-0.82996564	-0.92805885	-1.0302018	-1.1224454	-1.2308879	-1.3078326	-1.387927	-1.4527225	-1.5215678	-1.5724143	-1.619661	-1.6646579	-1.7033552	-1.7380028	-1.7753502	-1.8018984	-1.8275466	-1.8495951	-1.8689437	-1.8891923	-1.9062912
1	1.6850313	1.5484115	1.4252739	1.3111245	1.2041656	1.1034983	1.0064264	0.91070264	0.81767534	0.72959152	0.64735	0.5727484	0.50309028	0.436578	0.37455981	0.31748509	0.26625266	0.22041312	0.1817641	0.14850797	0.11660005	0.086489767	0.060424147	0.041549043	0.028516234	0.016831645	0.0033494283	-0.0092339743	-0.011031603	0.0011023921	0.030313863	0.082445102	0.16738307	0.29681235	0.49320332	0.81003542	1.3070798	1.8993986	2.1209563	1.6230131	0.91834256	0.42758986	0.17637121	0.074355772	0.060873555	0.1134542	0.21502024	0.34040486	0.43163453	0.39703017	0.22580601	0.021775125	-0.13237156	-0.22674708	-0.28022654	-0.30853919	-0.32606608	-0.34359296	-0.36291747	-0.38403961	-0.40561116	-0.43077796	-0.4581918	-0.4829092	-0.5013349	-0.51212067	-0.51841237	-0.52695111	-0.53998392	-0.55346614	-0.5633531	-0.56874598	-0.57144243	-0.57368946	-0.57503769	-0.57368946	-0.57054361	-0.56560013	-0.55796021	-0.54942147	-0.54178155	-0.53548985	-0.53009696	-0.52470408	-0.5197606	-0.51481712	-0.50807601	-0.50223371	-0.49818905	-0.49369498	-0.48830209	-0.48066217	-0.46987639	-0.45549536	-0.43662026	-0.41235227	-0.38583724	-0.36516451	-0.36426569	-0.37999494	-0.39752183	-0.40965582	-0.41594752	-0.41729575	-0.41414989	-0.40650997	-0.3957242	-0.38538783	-0.37595028	-0.36741154	-0.35977162	-0.35527755	-0.35617636	-0.36156925	-0.37639969	-0.39437598	-0.40920642	-0.42448626	-0.43572144	-0.43976611	-0.43841789	-0.42987915	-0.40516175	-0.35662577	-0.30134868	-0.26404788	-0.24517277	-0.25236329	-0.26629491	-0.27618187	-0.27303602	-0.26000321	-0.246521	-0.23708344	-0.234387	-0.246521	-0.26314906	-0.2842712	-0.31303327	-0.34134592	-0.36741154	-0.36786095	-0.34404237	-0.3026969	-0.2842712	-0.35168229	-0.41549812	-0.46942698	-0.50358193	-0.5265017	-0.53504044	-0.52919815	-0.52919815	-0.54447799	-0.56425191	-0.57144243	-0.57279065	-0.5633531	-0.55346614	-0.54043333	-0.52021	-0.50178431	-0.48425742	-0.4640341	-0.44021551	-0.41325108	-0.3835902	-0.34539059	-0.31123564	-0.26944076	-0.21820834	-0.15753836	-0.081139132	-0.024064413	0.06806407	0.15255263	0.27164555	0.38579499	0.51792071	0.6657757	0.83295519	1.020358	1.2306806	1.4571818	1.7088499	1.9519792	2.1973556	2.4665505	2.6764237	2.9078684	3.0417918	3.0943724	3.154593	3.1451554	2.9658419	2.8049541	2.5964292	2.4989078	2.2944275	2.0733192	1.8288416	1.5699831	1.3353925	1.1030489	0.79745202	0.59566817	0.41500646	0.19030284	-0.042939517	-0.21236605	-0.38134317	-0.51526652	-0.67435669	-0.82221167	-0.917486	-1.0172544	-1.1093829	-1.2226335	-1.2999316	-1.3808249	-1.4455395	-1.5178941	-1.5691265	-1.6158648	-1.661255	-1.6990052	-1.7336095	-1.7731574	-1.7996724	-1.8252886	-1.847759	-1.8657353	-1.8868574	-1.9039349
1	1.6898172	1.556392	1.4354198	1.3237873	1.2192709	1.117423	1.019133	0.92484589	0.83322723	0.74338758	0.66021919	0.58550106	0.51478569	0.44762833	0.38625272	0.32976938	0.27773354	0.23147946	0.1923414	0.15854034	0.12785254	0.096275233	0.068700687	0.049576404	0.037123383	0.024670362	0.0082145844	-0.0051279382	-0.0091306949	-0.00023567989	0.025559864	0.075816699	0.15987459	0.28840756	0.48276364	0.79319966	1.2788675	1.859712	2.0758608	1.5875245	0.89460284	0.41160352	0.16298785	0.060250423	0.044239395	0.092717227	0.18967289	0.31108985	0.39514774	0.35823343	0.19189665	-0.0055726889	-0.15500894	-0.2466276	-0.29732918	-0.32312473	-0.3395805	-0.35559153	-0.37427106	-0.3947296	-0.41607763	-0.44098368	-0.46855822	-0.49257476	-0.50814104	-0.5165913	-0.52192831	-0.52815482	-0.53927359	-0.55261612	-0.56195588	-0.56684814	-0.56907189	-0.56996139	-0.57040615	-0.56996139	-0.56729289	-0.56240063	-0.55572937	-0.54861336	-0.54238685	-0.53704984	-0.53304708	-0.52948908	-0.52504157	-0.51970456	-0.51436755	-0.50903054	-0.50547254	-0.50235928	-0.49746702	-0.49168526	-0.4823455	-0.46944772	-0.45165769	-0.42853065	-0.40273511	-0.38361083	-0.38227658	-0.3965086	-0.41251963	-0.4227489	-0.42764115	-0.42675165	-0.42096989	-0.41251963	-0.40184561	-0.38983734	-0.37960807	-0.37115781	-0.3640418	-0.35959429	-0.36003904	-0.3658208	-0.38049757	-0.39917711	-0.41429863	-0.42853065	-0.43920467	-0.44365218	-0.44320743	-0.43520192	-0.41163013	-0.3640418	-0.30844795	-0.27197839	-0.25329886	-0.25952537	-0.27242314	-0.28042865	-0.27509165	-0.26130437	-0.2484066	-0.23862208	-0.23595358	-0.24796185	-0.26352813	-0.28487616	-0.31422971	-0.34224901	-0.36804455	-0.3684893	-0.34491751	-0.30488995	-0.28709992	-0.35292303	-0.41474338	-0.46722397	-0.50013553	-0.52103881	-0.52815482	-0.52237306	-0.52326257	-0.53971834	-0.55884263	-0.56640339	-0.56862714	-0.56017688	-0.55350562	-0.5419421	-0.52103881	-0.50146978	-0.483235	-0.46188696	-0.43653617	-0.40807212	-0.37605007	-0.33557775	-0.29910819	-0.25418836	-0.20170777	-0.13899791	-0.060277032	-0.0033489352	0.088714471	0.17232761	0.29374457	0.40849026	0.53880223	0.68423573	0.84834876	1.0333651	1.2419532	1.4669971	1.718726	1.9611151	2.2035043	2.4743575	2.6847246	2.9155503	3.0494202	3.1072378	3.1690582	3.1552709	2.9693651	2.8056968	2.596664	2.5032663	2.3013495	2.0820873	1.8379192	1.574182	1.3411326	1.1098622	0.80164993	0.59839883	0.41605102	0.1923414	-0.041152749	-0.21238179	-0.38316608	-0.5165913	-0.67536732	-0.82257982	-0.91820123	-1.0173807	-1.1089993	-1.2215212	-1.2971289	-1.3758498	-1.4376701	-1.5070512	-1.5550843	-1.5995594	-1.6440345	-1.6813935	-1.7156393	-1.7552222	-1.7810177	-1.8063685	-1.828606	-1.8468408	-1.8677441	-1.8841999
1	1.6816596	1.5495399	1.4284302	1.3165689	1.2121943	1.1117834	1.013134	0.91888864	0.82904726	0.74316946	0.66301685	0.58858943	0.51988719	0.45558895	0.3939331	0.33580043	0.28515455	0.24155506	0.20324035	0.16888923	0.13585931	0.10547178	0.078167049	0.058349097	0.04425633	0.031484761	0.017391994	0.0050608238	0.0028588291	0.012107207	0.037209947	0.085213432	0.16580644	0.28691615	0.46747972	0.75858342	1.2148367	1.7622526	1.9710017	1.5068212	0.84622282	0.3904099	0.15743886	0.061431889	0.048219921	0.095342608	0.19002838	0.3062937	0.38556552	0.34592961	0.1843032	-0.0037471552	-0.14643641	-0.2345162	-0.28472168	-0.31422841	-0.33316557	-0.34813913	-0.3631127	-0.37852666	-0.39658302	-0.41992416	-0.4450269	-0.46836805	-0.48510321	-0.49611318	-0.50536156	-0.51549073	-0.5295835	-0.54631866	-0.55776903	-0.56349422	-0.56613661	-0.56701741	-0.56701741	-0.56569621	-0.56217302	-0.55820943	-0.55204385	-0.54499746	-0.53883188	-0.53354709	-0.5291431	-0.52473911	-0.51945432	-0.51460994	-0.50932515	-0.50448076	-0.49963637	-0.49479198	-0.48994759	-0.48334161	-0.47541443	-0.46308326	-0.4463481	-0.42520895	-0.40142741	-0.38381145	-0.38293065	-0.39702342	-0.41287778	-0.42344735	-0.42829174	-0.42873214	-0.42476855	-0.41728177	-0.40671219	-0.39570222	-0.38645384	-0.37940746	-0.37412267	-0.37148028	-0.37368227	-0.37984786	-0.39350022	-0.40935459	-0.42256655	-0.43577852	-0.4454673	-0.44943089	-0.44855009	-0.44062291	-0.41904336	-0.37544387	-0.32479799	-0.29176807	-0.27547331	-0.28075809	-0.29397006	-0.30321844	-0.30013565	-0.28868527	-0.2776753	-0.27018852	-0.26842692	-0.28031769	-0.29573166	-0.31599001	-0.34197355	-0.36619549	-0.38777504	-0.38777504	-0.36663589	-0.32832118	-0.31158602	-0.37192068	-0.43093413	-0.47937802	-0.50800395	-0.52517951	-0.5300239	-0.52429871	-0.52253712	-0.53486829	-0.55072265	-0.55732863	-0.55644784	-0.54763986	-0.53883188	-0.52473911	-0.50580196	-0.488186	-0.47057004	-0.45031169	-0.42785134	-0.4018678	-0.37280147	-0.33360597	-0.29617206	-0.25345336	-0.20192668	-0.13983043	-0.059677822	-0.0019855594	0.089177023	0.17461442	0.29616453	0.41331065	0.54587073	0.69428518	0.86207718	1.0505679	1.2606382	1.4874437	1.7428751	1.9908197	2.2374431	2.512252	2.7249647	2.9530914	3.0847707	3.1371781	3.19443	3.1688869	2.9856809	2.8240545	2.6219114	2.5197388	2.3096685	2.0806611	1.8274317	1.5689175	1.3311021	1.098131	0.79954053	0.59387422	0.40186028	0.17681641	-0.048227449	-0.21645985	-0.38381145	-0.52077552	-0.67799794	-0.8242104	-0.92462136	-1.0276747	-1.1188373	-1.2232118	-1.2954373	-1.3707455	-1.4301993	-1.494938	-1.5420607	-1.5874218	-1.6305809	-1.6680148	-1.7028063	-1.738919	-1.7635814	-1.7891245	-1.810704	-1.8296412	-1.8498995	-1.8657539
2	1.6703483	1.5375226	1.4176229	1.3048547	1.1992182	1.099376	1.0030997	0.90994339	0.81990717	0.73343673	0.65231499	0.57654193	0.50656328	0.4414876	0.3817606	0.32470794	0.27389542	0.22932303	0.19099078	0.15756149	0.12636081	0.094714419	0.067970986	0.049250584	0.037216039	0.026072942	0.01314695	0.0024495765	0.0020038526	0.014484121	0.043456173	0.096497315	0.18341347	0.31490201	0.51324914	0.83060454	1.3271409	1.9177251	2.1361298	1.6355819	0.92866379	0.43925898	0.18831643	0.085354218	0.072873949	0.12546937	0.22754013	0.35234282	0.43703036	0.39513231	0.2213	0.017158464	-0.137062	-0.23110973	-0.28370515	-0.31312293	-0.33006044	-0.34476932	-0.36170683	-0.37998151	-0.39959336	-0.42366245	-0.45040588	-0.47447497	-0.4918582	-0.50166413	-0.50968716	-0.51815591	-0.5310819	-0.54579079	-0.55604244	-0.56183685	-0.56540264	-0.56718554	-0.56852271	-0.56896843	-0.56673981	-0.56228258	-0.55559672	-0.54801941	-0.54133355	-0.53553914	-0.53063618	-0.52573322	-0.52083025	-0.51592729	-0.50968716	-0.50389275	-0.49943551	-0.49586972	-0.49096676	-0.48472662	-0.47581214	-0.46288615	-0.4450572	-0.42232528	-0.39691902	-0.37819861	-0.37819861	-0.3946904	-0.41296508	-0.4245539	-0.42856541	-0.42722824	-0.42187955	-0.41251935	-0.40137626	-0.38934171	-0.37864434	-0.37017558	-0.36393545	-0.36170683	-0.36438117	-0.37195848	-0.38622164	-0.40360488	-0.41786804	-0.43123976	-0.44238285	-0.44684009	-0.44461147	-0.43614272	-0.41251935	-0.36393545	-0.30821997	-0.27256206	-0.25428738	-0.26097323	-0.27568212	-0.28415088	-0.28058509	-0.26810482	-0.25562455	-0.24671007	-0.24359	-0.25384165	-0.26944199	-0.29083673	-0.31980879	-0.34744367	-0.3724042	-0.3741871	-0.35011801	-0.30821997	-0.29039101	-0.3536838	-0.41875949	-0.47269208	-0.50522992	-0.52484177	-0.53241908	-0.52707039	-0.52707039	-0.54133355	-0.55960823	-0.56718554	-0.56807699	-0.55916251	-0.54980231	-0.53821349	-0.51949308	-0.5030013	-0.48695524	-0.46912629	-0.44773154	-0.42232528	-0.39112461	-0.35100946	-0.31713444	-0.27389923	-0.22219526	-0.15890247	-0.082683684	-0.026076752	0.064850919	0.14953846	0.26943818	0.38443494	0.51547776	0.66167519	0.8279302	1.0137971	1.2206129	1.4434749	1.6970918	1.9431313	2.1896166	2.465074	2.6794672	2.9081235	3.0382749	3.0971105	3.163969	3.1434657	2.9682963	2.8127386	2.6121629	2.5096464	2.3023848	2.0764028	1.8263517	1.5660489	1.3289238	1.0953645	0.79494663	0.58991365	0.39780666	0.17227037	-0.054157356	-0.22531532	-0.39335323	-0.5310819	-0.68574809	-0.82837973	-0.92510181	-1.024944	-1.1163174	-1.2241825	-1.2990641	-1.3779573	-1.4416958	-1.5094458	-1.5598126	-1.6061679	-1.6507403	-1.6886268	-1.7229476	-1.7599426	-1.7857946	-1.8112009	-1.8330413	-1.8517618	-1.8718193	-1.8887568
1	1.6584203	1.5238139	1.4030706	1.29306	1.1897574	1.0909267	0.99477929	0.90220942	0.81187553	0.72377763	0.64238769	0.56904731	0.5006261	0.43578246	0.37406921	0.31772233	0.26853061	0.22515246	0.18758787	0.15404806	0.12319144	0.093676402	0.068186147	0.050745446	0.040459904	0.03062156	0.018547228	0.0082616865	0.007814489	0.02167761	0.052534236	0.11022271	0.20502857	0.34589577	0.55697298	0.89371267	1.4129089	2.0224391	2.2424602	1.7205808	0.98851853	0.47826622	0.21352532	0.10485634	0.091440415	0.1464457	0.2528787	0.38435475	0.47379425	0.43041609	0.24930112	0.037776719	-0.12187278	-0.22159781	-0.2766031	-0.30567093	-0.32355883	-0.34099953	-0.35978183	-0.37901132	-0.4004768	-0.42686145	-0.45458769	-0.47963075	-0.49751865	-0.50690979	-0.51406495	-0.5225617	-0.53508323	-0.54939355	-0.5592319	-0.56459827	-0.56772865	-0.56951744	-0.57041183	-0.57041183	-0.56862304	-0.56459827	-0.5583375	-0.55162954	-0.54447438	-0.53776642	-0.53240005	-0.52748088	-0.52211451	-0.51674814	-0.51093457	-0.5060154	-0.50199062	-0.49796584	-0.49349387	-0.4876803	-0.47918355	-0.46532043	-0.44653814	-0.42194227	-0.39511043	-0.37543374	-0.37498654	-0.39198004	-0.41031514	-0.42149508	-0.42596705	-0.42507266	-0.41881189	-0.40897355	-0.39734641	-0.38482489	-0.37453934	-0.36559539	-0.35844023	-0.35486266	-0.35665145	-0.3638066	-0.37945852	-0.39824081	-0.41433992	-0.42999183	-0.44161896	-0.44653814	-0.44519654	-0.4353582	-0.40942075	-0.35799304	-0.29941017	-0.26050399	-0.2412745	-0.24798246	-0.26229278	-0.27123673	-0.26542316	-0.25200724	-0.23859131	-0.22875297	-0.22562259	-0.23769692	-0.25424323	-0.27749749	-0.30880132	-0.33965794	-0.36738418	-0.36917297	-0.34502431	-0.30119896	-0.28196947	-0.34904909	-0.41568151	-0.47158119	-0.50690979	-0.52971686	-0.53866081	-0.53374164	-0.53418884	-0.54984075	-0.56996464	-0.57980298	-0.58203897	-0.57309502	-0.56728145	-0.55520712	-0.53687202	-0.52032572	-0.50377941	-0.48499712	-0.46353164	-0.43804138	-0.40942075	-0.37006737	-0.33294998	-0.29001902	-0.23903851	-0.17687806	-0.099512903	-0.042718825	0.047167866	0.1298994	0.24930112	0.36288928	0.49212934	0.63791572	0.80248438	0.98717694	1.193335	1.4160393	1.6700475	1.9169005	2.1642007	2.4410159	2.6561179	2.8877662	3.0201366	3.0738003	3.1440103	3.1283584	2.9512682	2.7938547	2.595299	2.4982572	2.2907575	2.0626868	1.8131507	1.5555649	1.3189975	1.084666	0.78638528	0.58246323	0.39016832	0.16567519	-0.060159526	-0.22964736	-0.39689922	-0.53284725	-0.68757757	-0.83023356	-0.92682821	-1.0274476	-1.1200175	-1.2291337	-1.3047101	-1.383864	-1.4478133	-1.5162345	-1.5658734	-1.6123819	-1.6566545	-1.6937719	-1.7286533	-1.7662179	-1.7917081	-1.8176456	-1.839111	-1.8583405	-1.8789116	-1.8950107
1	1.6804345	1.5464301	1.4254228	1.3120345	1.2067134	1.1072185	1.0108609	0.91764043	0.82755724	0.74016309	0.65814705	0.58240546	0.51204197	0.44616023	0.38341571	0.32515295	0.27361281	0.22834713	0.18980407	0.15574276	0.12347416	0.092550073	0.065659567	0.047732563	0.036976361	0.026220159	0.011878555	-0.00022217227	-0.0029112229	0.0087413297	0.036976361	0.088964673	0.17546247	0.30543325	0.50128576	0.81545651	1.3048637	1.8874913	2.1044081	1.6109673	0.91271051	0.42957775	0.18218509	0.081345696	0.070141318	0.1225778	0.22252085	0.34442448	0.42778505	0.38744929	0.2162464	0.014567606	-0.13736375	-0.23058417	-0.28167613	-0.30901482	-0.32604547	-0.34217977	-0.36055495	-0.37893013	-0.39864984	-0.42285129	-0.44884545	-0.4730469	-0.49052573	-0.49993741	-0.50621186	-0.51472719	-0.52682791	-0.54072134	-0.55147754	-0.55730382	-0.55999287	-0.5613374	-0.56268192	-0.5631301	-0.56044105	-0.55551112	-0.54878849	-0.54072134	-0.53310237	-0.52727609	-0.52279434	-0.51786441	-0.51248631	-0.50755638	-0.50217828	-0.49680018	-0.49231843	-0.48873303	-0.48469945	-0.478425	-0.46990968	-0.4569126	-0.43943377	-0.41702501	-0.39192721	-0.37355203	-0.37310386	-0.38834181	-0.40537246	-0.41657684	-0.42150677	-0.42195494	-0.41792137	-0.41075056	-0.40044254	-0.38878998	-0.37848196	-0.36951845	-0.363244	-0.35921043	-0.36010678	-0.3668294	-0.38072283	-0.39820166	-0.41343961	-0.42867757	-0.43943377	-0.4443637	-0.44346735	-0.43495202	-0.41119874	-0.36279583	-0.30811847	-0.27271263	-0.2552338	-0.26195643	-0.27674621	-0.28526154	-0.28167613	-0.27002358	-0.25747468	-0.24851118	-0.24582213	-0.2552338	-0.27047176	-0.29153599	-0.32021919	-0.34666152	-0.36996663	-0.37086298	-0.3471097	-0.30677394	-0.28974329	-0.35338415	-0.41881772	-0.47259873	-0.50576368	-0.52682791	-0.53534324	-0.53086149	-0.53175784	-0.54565127	-0.5649228	-0.57254177	-0.57343812	-0.5649228	-0.55461477	-0.54251404	-0.52324251	-0.50621186	-0.49007756	-0.47170238	-0.45063815	-0.42464399	-0.39371991	-0.35472868	-0.32111554	-0.27764256	-0.22520607	-0.16201338	-0.085823616	-0.028009028	0.063418692	0.14812379	0.26913106	0.38520841	0.51742007	0.66576603	0.83383169	1.0225134	1.2327075	1.4585878	1.7118067	1.958303	2.2025584	2.472808	2.6865875	2.9133641	3.0415422	3.0962196	3.1607568	3.1405889	2.9631116	2.8049058	2.6063642	2.5037321	2.2957789	2.0690023	1.8202651	1.5630126	1.3236871	1.0910842	0.7957368	0.59002443	0.39775732	0.17366977	-0.051762309	-0.22162067	-0.38878998	-0.52637974	-0.6801038	-0.82351983	-0.92167018	-1.0225096	-1.1143855	-1.2237402	-1.3008263	-1.3814978	-1.4464832	-1.5155022	-1.5665941	-1.6136525	-1.6589182	-1.6970131	-1.7315226	-1.7691693	-1.7956116	-1.8211576	-1.8431182	-1.8619415	-1.8821094	-1.8986919
1	1.704173	1.5661134	1.442894	1.3291185	1.2216388	1.1186563	1.0206204	0.92573253	0.83444228	0.74495086	0.66175531	0.58620477	0.51515127	0.44814513	0.38473663	0.3262749	0.27545816	0.22958819	0.18911468	0.15403764	0.12210854	0.091978258	0.06589533	0.046557987	0.034415935	0.024072705	0.011031241	-0.00021140009	-0.0011108114	0.011930652	0.042960342	0.098723843	0.18911468	0.3262749	0.53403891	0.8672708	1.3862311	2.0018781	2.2262813	1.7014748	0.96575633	0.45489072	0.19271232	0.08658179	0.073990032	0.12930383	0.23813259	0.37214488	0.46523395	0.42476044	0.24442847	0.030368584	-0.13332427	-0.23270922	-0.28757331	-0.31815329	-0.33704093	-0.35368004	-0.37076885	-0.38875708	-0.40854413	-0.43237853	-0.45936087	-0.48319527	-0.50118349	-0.51197643	-0.51962142	-0.52861554	-0.54255641	-0.55829611	-0.56953875	-0.57538492	-0.57943228	-0.5816808	-0.58258021	-0.58258021	-0.58033169	-0.57628434	-0.56953875	-0.56279317	-0.55559788	-0.54840259	-0.54255641	-0.53671024	-0.53086407	-0.52411848	-0.5173729	-0.51197643	-0.50657996	-0.5016332	-0.49713614	-0.49084026	-0.48139644	-0.46700586	-0.44811823	-0.42428383	-0.39685178	-0.37616532	-0.37571562	-0.39280443	-0.41124236	-0.42293471	-0.42698206	-0.42608265	-0.42068618	-0.41169207	-0.39955002	-0.38605885	-0.37481621	-0.3662718	-0.3586268	-0.35368004	-0.35412975	-0.36177474	-0.37796414	-0.39730149	-0.4139406	-0.42968029	-0.44137264	-0.4458697	-0.44407087	-0.43462706	-0.40854413	-0.35637827	-0.29656742	-0.25789274	-0.2390051	-0.24530098	-0.26014126	-0.26913538	-0.26373891	-0.24934833	-0.23495775	-0.22506422	-0.22146658	-0.2313601	-0.24799921	-0.2709342	-0.3024136	-0.33254387	-0.36087533	-0.36357356	-0.33973916	-0.29656742	-0.27767979	-0.3428871	-0.41124236	-0.46790527	-0.50298231	-0.52321907	-0.53041436	-0.52501789	-0.5259173	-0.54120729	-0.56099434	-0.56998846	-0.57133757	-0.56324287	-0.55424876	-0.54255641	-0.52411848	-0.50747937	-0.49039056	-0.47060351	-0.4458697	-0.41573942	-0.3824612	-0.34603504	-0.31410594	-0.27363243	-0.22371511	-0.16165573	-0.086554885	-0.030341679	0.057800629	0.14234529	0.26016817	0.37304429	0.50210981	0.64601562	0.80925877	0.99273867	1.1964553	1.4163614	1.6654983	1.9083394	2.1543284	2.4214535	2.6323655	2.8617153	2.99213	3.0519408	3.1202961	3.1032073	2.9404138	2.7929104	2.6022352	2.4983532	2.2932874	2.0711328	1.8255935	1.5710601	1.3318167	1.0988692	0.80566112	0.59969593	0.40362427	0.17607321	-0.049229316	-0.22146658	-0.39100561	-0.53086407	-0.68601251	-0.8285692	-0.92660504	-1.0286882	-1.1217773	-1.2297066	-1.3066063	-1.3862042	-1.4509618	-1.5206662	-1.5719326	-1.6191517	-1.6636726	-1.7023473	-1.7369746	-1.7743002	-1.8008328	-1.8269157	-1.8489513	-1.8682887	-1.8885254	-1.9056142
