0	-0.51841899	-0.48588363	-0.50500747	-0.56018294	-0.63629941	-0.75322902	-0.82722915	-0.85976467	-0.90632072	-0.92379648	-0.93321222	-0.93442926	-0.92078716	-0.93657191	-0.95599685	-0.95934101	-0.96940599	-0.9824055	-0.97659952	-0.96252576	-0.97031893	-0.98199237	-0.9874616	-1.0152202	-1.0480611	-1.0592421	-1.0498854	-1.0467321	-1.0643986	-1.0877935	-1.0993351	-1.0850813	-1.0641912	-1.0545229	-1.044503	-1.0236367	-0.99421712	-0.96371982	-0.92237217	-0.86616903	-0.81351574	-0.77266759	-0.72343976	-0.66424331	-0.63424598	-0.6280451	-0.60469363	-0.56829781	-0.53778323	-0.50569966	-0.4612259	-0.38892741	-0.29296669	-0.20056328	-0.090999931	0.0084190471	0.082658143	0.22029375	0.34217234	0.42883427	0.55487916	0.54987503	0.51045674	0.60485004	0.6628724	0.64908008	0.70823327	0.79018805	0.86140673	0.9066245	0.99179382	1.0739758	1.0479147	1.0612876	1.0357806	0.96001308	0.89669581	0.78296885	0.73898713	0.73807388	0.78617673	0.7996705	0.7592426	0.70871026	0.63221283	0.63678196	0.63336569	0.63591783	0.66037969	0.68449957	0.679707	0.6353288	0.60739885	0.60318089	0.51534708	0.44636312	0.44976719	0.42765431	0.36126765	0.31869552	0.29465455	0.23049152	0.21593633	0.20237126	0.21164516	0.2375017	0.20308579	0.18274348	0.20487522	0.23673899	0.31383021	0.38322175	0.40506666	0.43961046	0.48577001	0.53359792	0.56159823	0.60313034	0.64741013	0.64071562	0.67863259	0.7238296	0.71367778	0.73546405	0.69066321	0.632419	0.56722941	0.51244061	0.4748466	0.43247746	0.40443785	0.33903466	0.26204866	0.22305982	0.24140717	0.24035557	0.20729773	0.21281292	0.24948685	0.25620973	0.26658356	0.33899868	0.44332037	0.54020464	0.63521042	0.70826639	0.76582523	0.87434538	0.88325623	0.84631813	0.9807682	1.046898	1.040239	1.0373778	1.0324659	1.032877	1.0432058	1.0251688	0.9572421	0.9823372	0.93526851	0.84303862	0.76011212	0.72102534	0.6747341	0.61629687	0.60648544	0.59670174	0.48259033	0.32463397	0.20111206	0.1009692	-0.034165135	-0.15944208	-0.24965229	-0.31928105	-0.34077004	-0.35730736	-0.35495236	-0.34208185	-0.342095	-0.28669973	-0.22090321	-0.18784982	-0.14036721	-0.085618493	-0.09316192	-0.11884304	-0.1480344	-0.13473365	-0.038413047	0.037040077	0.13759084	0.26453012	0.39180314	0.50227737	0.55452482	0.62484657	0.71932402	0.9026986	1.0301155	1.1143873	1.2580638	1.398263	1.4946701	1.5866569	1.6391971	1.7010214	1.7720688	1.8022991	1.6637242	1.5481869	1.5057579	1.408008	1.4124569	1.467514	1.5188524	1.533485	1.469025	1.6630346	1.6795213	1.5245938	1.3500752	1.1753579	1.0088755	0.9080989	0.90521381	0.94613043	0.96435243	1.0245697	1.2284163	1.3153384	1.3734245	1.3545781	1.0694367	0.75064171	0.4867503	0.23820768	-0.015332082	-0.24774734	-0.45842687	-0.60725068	-0.77932422	-0.90835007	-1.0187557	-1.084125	-1.1038269	-1.100227	-1.0962133	-1.0927827	-1.0827159	-1.0938413	-1.148036	-1.2375491	-1.3471144	-1.4815614	-1.5935833	-1.6870365	-1.7516247	-1.7943041	-1.8241779	-1.8432856	-1.8566563	-1.8665025	-1.8752712	-1.8818505	-1.887185	-1.8920667	-1.8968985	-1.9005997	-1.9043497	-1.9077444	-1.9099115	-1.9127192	-1.9163279	-1.9181929	-1.9201246	-1.9223129	-1.9242122	-1.9269965	-1.9287208	-1.9300262	-1.9323014	-1.9336308	-1.9349635	-1.9360067
1	-0.53874235	-0.47511614	-0.48579124	-0.56873435	-0.65473954	-0.74705635	-0.83287956	-0.86936615	-0.88986142	-0.88882384	-0.86334809	-0.84220676	-0.84369961	-0.8804067	-0.91241556	-0.94213941	-0.95956281	-0.96435467	-0.96444682	-0.96641438	-0.97495356	-0.9812147	-1.0081687	-1.0402236	-1.0565109	-1.0575533	-1.038793	-1.0204496	-1.0320063	-1.052051	-1.0557722	-1.0428177	-1.0306685	-1.0375037	-1.0360841	-1.0122182	-0.98871332	-0.95671226	-0.9060983	-0.84546842	-0.785066	-0.72713723	-0.64651251	-0.54818445	-0.46211119	-0.44186481	-0.44281986	-0.44741099	-0.47186777	-0.46546765	-0.44328228	-0.41109343	-0.33266888	-0.23518729	-0.12171654	0.012687489	0.12959457	0.28328112	0.40916457	0.46688214	0.53984535	0.56864636	0.5718861	0.61303587	0.61060557	0.6611214	0.7479772	0.77558904	0.83847356	0.89559572	0.90226598	0.8809983	0.87664262	0.85006287	0.81613576	0.81287776	0.7181001	0.6562676	0.67449147	0.64868065	0.67194378	0.75978203	0.74786612	0.69301835	0.63252777	0.57790681	0.57500181	0.57273538	0.5995001	0.66531054	0.73384203	0.76321487	0.72914099	0.65328157	0.63749033	0.62231476	0.58396622	0.52424589	0.48644843	0.45977205	0.37977197	0.30657647	0.2663399	0.24830017	0.28077959	0.29427801	0.23659696	0.2008881	0.20489693	0.25935467	0.36960378	0.49622958	0.56211574	0.60623229	0.64513373	0.70906712	0.76653165	0.81869541	0.89138698	0.93012472	0.9844845	1.0056291	0.99307283	1.0318076	1.0667882	0.96743436	0.78610325	0.65608147	0.61814653	0.56639671	0.44029941	0.36531335	0.33691582	0.29915953	0.24377098	0.21082367	0.20618339	0.1945911	0.17283177	0.18344096	0.25171741	0.30517045	0.38914035	0.54293201	0.70458043	0.80115213	0.83769501	0.84235836	0.86251309	0.85584698	0.9248002	0.93935346	0.87187682	0.95495924	0.96577364	0.8849799	0.88832158	0.88927531	0.8039175	0.68817419	0.59877019	0.59186781	0.55417595	0.50234826	0.47549106	0.46855348	0.47120229	0.45261281	0.37889611	0.25343076	0.10469812	-0.0080897152	-0.14934797	-0.27462936	-0.33528648	-0.37889461	-0.38869868	-0.37608491	-0.38247191	-0.38974721	-0.3801404	-0.27791277	-0.1610379	-0.10372529	-0.10768763	-0.11508729	-0.13256698	-0.20528163	-0.26701169	-0.26393716	-0.20524112	-0.10028647	0.029414521	0.093845522	0.18086986	0.25851385	0.3146011	0.43069359	0.50481691	0.72265819	0.90902706	1.0606044	1.1933333	1.2775484	1.3592403	1.4863414	1.5884313	1.6598276	1.7171002	1.6810351	1.5580737	1.5101635	1.4442901	1.3365941	1.2942419	1.3703119	1.5052041	1.6958972	1.76273	1.9074604	1.9208705	1.7359462	1.5246095	1.1832622	0.98110164	0.90110903	0.81369732	0.90988564	1.082728	1.1874398	1.2976492	1.6201012	1.8392803	1.6871314	1.3090197	0.78457753	0.40273191	0.11347856	-0.18381802	-0.42894055	-0.66943576	-0.83489958	-0.98897533	-1.1085428	-1.2070487	-1.2698997	-1.3112004	-1.332281	-1.3471201	-1.3496336	-1.3478952	-1.3667098	-1.4012382	-1.4506136	-1.5090741	-1.5740736	-1.6272218	-1.6739475	-1.7083169	-1.7320755	-1.748993	-1.761263	-1.7707709	-1.7776266	-1.7836583	-1.7873244	-1.7919059	-1.7965674	-1.7997507	-1.8017649	-1.8040426	-1.8061722	-1.8085788	-1.8116914	-1.8146963	-1.816815	-1.8193402	-1.8221028	-1.8243476	-1.8270876	-1.8299197	-1.8321217	-1.8341529	-1.8360855	-1.837943	-1.839142
0	-0.67298944	-0.65267131	-0.64481298	-0.661405	-0.73685083	-0.82065538	-0.87686634	-0.89894686	-0.90334933	-0.91281119	-0.92419419	-0.91513633	-0.91914448	-0.94678577	-0.97281196	-0.99865083	-1.0111763	-1.0040703	-0.99857012	-1.0072831	-1.015192	-1.0183802	-1.044022	-1.0618625	-1.0563684	-1.0329172	-1.0073371	-0.99511027	-1.000654	-1.0123734	-1.0190877	-1.0256415	-1.0216892	-1.0224733	-1.0228963	-1.0052721	-0.98336185	-0.95900388	-0.91727514	-0.87014762	-0.83120649	-0.77572215	-0.68986917	-0.61452327	-0.5414168	-0.47318972	-0.45138224	-0.42213076	-0.38295572	-0.3831028	-0.37514064	-0.34593207	-0.27139016	-0.17846049	-0.083128976	0.014546242	0.11370303	0.26812205	0.41341383	0.44859661	0.42907212	0.4730414	0.57588839	0.67708695	0.73940574	0.80352094	0.80515826	0.77434071	0.91376857	0.97870832	0.98291492	1.0528849	0.96615403	0.90347515	0.85710604	0.79053296	0.72487627	0.70962052	0.71000339	0.70459282	0.74442443	0.76359606	0.72599253	0.63257849	0.59695492	0.580738	0.53252656	0.52329171	0.5247187	0.56319647	0.63553386	0.65941268	0.58228149	0.49802392	0.46009289	0.4525216	0.47354011	0.42361464	0.35047804	0.30641516	0.24004898	0.19772981	0.210301	0.21310962	0.22811612	0.2283657	0.18810175	0.17064349	0.17283567	0.22129424	0.2774127	0.33810117	0.43046421	0.50707745	0.54843076	0.60114239	0.67323799	0.70778443	0.77459563	0.80309482	0.82156262	0.8659051	0.88828945	0.90690955	0.81390885	0.69890177	0.60524282	0.52239834	0.49040016	0.44831735	0.36893528	0.31804063	0.25846664	0.20120123	0.18440254	0.17991558	0.17401019	0.14438528	0.16321862	0.20831071	0.2423332	0.32046971	0.41725778	0.54107559	0.69586569	0.8044202	0.92517358	0.97591227	0.9389412	0.96828095	1.0713485	1.1958439	1.2064796	1.1228867	1.1060119	1.0912554	1.0597235	1.0224901	0.97125432	0.90630879	0.80271617	0.73807647	0.74889539	0.69579177	0.60970955	0.57115941	0.49414239	0.43839002	0.3796029	0.23654165	0.0819571	-0.040570794	-0.17009122	-0.27882949	-0.37565803	-0.45176511	-0.46953432	-0.46322782	-0.46358546	-0.4725048	-0.47711216	-0.39019972	-0.29732431	-0.25954047	-0.23447901	-0.21454698	-0.24698795	-0.27961535	-0.30239736	-0.27924171	-0.17668409	-0.10880565	-0.0099066644	0.10188969	0.19739319	0.37961502	0.48101412	0.58977729	0.76261431	1.030554	1.1488717	1.2800819	1.536945	1.6866918	1.896871	2.0177648	2.005828	2.0463149	2.0363855	2.135027	2.0971212	1.9216187	1.7591438	1.5477574	1.4735354	1.5630218	1.5914275	1.683029	1.8209296	1.8101485	1.5764729	1.3305255	1.0886993	0.82341317	0.61630453	0.53989662	0.53581199	0.62221059	0.87230964	1.024815	1.0379596	1.2305136	1.3265963	1.1631811	0.85269434	0.50823729	0.22674939	-0.0097626983	-0.25197518	-0.47667393	-0.68030659	-0.8209113	-0.96352442	-1.0720562	-1.1551994	-1.2115904	-1.2582445	-1.2876283	-1.3027343	-1.3123635	-1.3214428	-1.3391493	-1.372338	-1.4182283	-1.4679518	-1.5249236	-1.5720214	-1.6102191	-1.6376846	-1.6564704	-1.6703671	-1.6799169	-1.68711	-1.6932681	-1.6979591	-1.7013147	-1.7056118	-1.7093625	-1.7118675	-1.7128689	-1.7148362	-1.7173738	-1.7189749	-1.7212655	-1.7234175	-1.7241082	-1.7264321	-1.7288238	-1.7307452	-1.7325147	-1.7346096	-1.7364171	-1.7374624	-1.7387751	-1.7402493	-1.7416958
1	-0.67546256	-0.61780148	-0.61906915	-0.664476	-0.75110223	-0.84118766	-0.90001286	-0.93792622	-0.95363517	-0.94810902	-0.92668439	-0.89887007	-0.89762203	-0.9427395	-0.97731298	-0.99955085	-1.0218811	-1.0343651	-1.0381353	-1.0470809	-1.0516123	-1.0620033	-1.0856481	-1.0993465	-1.11585	-1.1128403	-1.0843059	-1.0692675	-1.0704423	-1.0769304	-1.0789963	-1.0720945	-1.0663796	-1.0667552	-1.0609425	-1.0414195	-1.022539	-0.99609863	-0.94798244	-0.89308984	-0.82774046	-0.73810103	-0.64034955	-0.54355408	-0.48688117	-0.47517648	-0.48256684	-0.50585582	-0.51886058	-0.50048695	-0.49861509	-0.48659797	-0.42619701	-0.35137571	-0.21802807	-0.041780857	0.11209809	0.24781232	0.36916167	0.38747786	0.37769259	0.41234049	0.468383	0.50925543	0.51782099	0.53346039	0.56957644	0.61251645	0.62506098	0.6784267	0.74555613	0.76239338	0.72752945	0.6269011	0.55024442	0.54913956	0.54801376	0.51545742	0.50309005	0.56675067	0.64873985	0.6962143	0.66533988	0.56634524	0.48340688	0.47770041	0.50676225	0.54711992	0.63067761	0.67288646	0.74121059	0.77501707	0.70709719	0.66552521	0.63873237	0.60319009	0.56567834	0.56602476	0.51592884	0.41931765	0.30560037	0.23116211	0.17541729	0.14188991	0.16579758	0.17726649	0.1713369	0.16444193	0.19443199	0.28075131	0.3857559	0.49544376	0.58780451	0.60061313	0.68225524	0.74683723	0.78423319	0.88110953	0.9213858	0.95202339	1.002194	1.0063478	0.98557882	1.0158782	1.0129074	0.96538484	0.84171486	0.70610996	0.62871645	0.52473057	0.4195151	0.35041186	0.31754663	0.2935569	0.25436917	0.22943909	0.20343433	0.17753204	0.18219278	0.21153202	0.25323691	0.3457029	0.47119639	0.61867379	0.75933408	0.81363434	0.86106861	0.9300317	0.89145514	0.81318425	0.86923374	0.92094006	0.93031174	0.90647072	0.93603217	0.94119028	0.89300087	0.8590462	0.74240594	0.66560885	0.62432612	0.57467528	0.55067831	0.5698865	0.55098798	0.51540882	0.50537617	0.44875094	0.32745428	0.22543128	0.099005612	-0.004082467	-0.13104897	-0.25496421	-0.32566612	-0.36164993	-0.36031245	-0.34543373	-0.34761289	-0.35300705	-0.34449734	-0.20101669	-0.079691842	-0.021663405	-0.0019278066	-0.033861249	-0.090025598	-0.16448836	-0.22639711	-0.22665093	-0.12465006	-0.030349092	0.082344863	0.15297697	0.24297007	0.36901638	0.39196961	0.47928368	0.61262512	0.82676818	0.9911371	1.0711717	1.1694175	1.3437524	1.4975497	1.61816	1.7339011	1.7679576	1.716269	1.6846103	1.6155533	1.476839	1.3715846	1.2880724	1.3034354	1.5448523	1.648402	1.720958	1.8535869	2.112972	2.1056375	1.8466246	1.5900796	1.315935	1.0738816	0.96729766	0.95369108	1.082212	1.2449796	1.4021702	1.6102386	1.8225926	1.9233035	1.7297138	1.3454295	0.77738999	0.31944194	0.027191985	-0.28149493	-0.51932436	-0.71709553	-0.87619029	-1.0264696	-1.1310967	-1.2155108	-1.2665226	-1.2974488	-1.3103354	-1.311502	-1.3087653	-1.3063263	-1.3147951	-1.335745	-1.376767	-1.4322636	-1.4947684	-1.5467246	-1.5939837	-1.6284004	-1.6519423	-1.669002	-1.6801401	-1.6886537	-1.6949327	-1.700117	-1.7031769	-1.706951	-1.71132	-1.7140234	-1.7154762	-1.7180171	-1.7199531	-1.7217886	-1.7247828	-1.7276409	-1.7297982	-1.7315808	-1.7335374	-1.7360817	-1.7387771	-1.74156	-1.7436119	-1.7452583	-1.7470727	-1.7484888	-1.7494639
1	-0.55977161	-0.51515581	-0.50487576	-0.56351049	-0.65886079	-0.74356717	-0.82699006	-0.88457833	-0.90271497	-0.90874414	-0.90482096	-0.89437569	-0.89180433	-0.90589945	-0.93950112	-0.97512148	-0.99255645	-0.99337221	-1.0009119	-1.0068533	-1.0121176	-1.0286659	-1.0558988	-1.087398	-1.104545	-1.1032026	-1.0850365	-1.0746337	-1.0874439	-1.1052314	-1.1019224	-1.0907826	-1.0836016	-1.086405	-1.0831995	-1.0629271	-1.0399644	-1.0024593	-0.95452958	-0.89565145	-0.8216734	-0.74400946	-0.66950532	-0.58560572	-0.50631026	-0.48358707	-0.48840369	-0.49217213	-0.49793108	-0.49189505	-0.48086895	-0.42296244	-0.3393777	-0.26385143	-0.1541737	-0.035785853	0.11345923	0.25792435	0.33241939	0.37839063	0.43119171	0.50775146	0.52903043	0.58558361	0.6195449	0.60827339	0.64985609	0.70616761	0.75370939	0.84132094	0.88294379	0.88863603	0.84892339	0.77780287	0.73679527	0.65484667	0.55761259	0.53427801	0.59775941	0.61206577	0.68588733	0.71662921	0.6925492	0.64425774	0.59393387	0.57461873	0.5413732	0.57966904	0.58452258	0.65002892	0.75453812	0.75214296	0.71400511	0.63740384	0.59331351	0.58239701	0.56934921	0.5493056	0.5267071	0.46301159	0.33708887	0.23520227	0.17496059	0.15060388	0.14227494	0.1772515	0.21905104	0.16638925	0.14112363	0.21210461	0.33553803	0.43677659	0.48087165	0.51437618	0.58292335	0.64372292	0.71933462	0.77769327	0.79999773	0.89749168	0.95174596	0.9307604	0.96953756	1.0393359	1.0207915	0.89648488	0.77240866	0.65625037	0.55100733	0.47487229	0.39627825	0.34322054	0.27783104	0.24007314	0.21599749	0.1699765	0.15541028	0.14019963	0.1231249	0.14538486	0.18835878	0.25445855	0.38929229	0.531155	0.64466014	0.76217125	0.82547272	0.89134592	0.83949601	0.76285084	0.92151283	0.95281623	0.90314339	0.96835707	0.97183446	0.92790474	0.89648488	0.88997913	0.8230722	0.71168665	0.64793315	0.60031406	0.60478528	0.57997592	0.54425056	0.57043656	0.51347351	0.45229062	0.37427492	0.29254989	0.16428264	0.015657665	-0.11309939	-0.24270787	-0.34284886	-0.3919759	-0.37807905	-0.359547	-0.37735207	-0.38382354	-0.38464977	-0.30540881	-0.17868192	-0.097434229	-0.058507804	-0.036890534	-0.061265328	-0.12344017	-0.16624788	-0.1771226	-0.10989334	0.029529952	0.18356635	0.28474555	0.36175009	0.43245251	0.45809035	0.53890846	0.66639412	0.86309969	1.0270771	1.1479852	1.3073945	1.4161749	1.5105739	1.6476006	1.7364301	1.6699042	1.5601289	1.5684751	1.4985087	1.3587342	1.2562828	1.2628167	1.3372323	1.5464505	1.691149	1.7702198	1.7652859	1.9460951	2.1201599	2.0042433	1.6499582	1.3101294	1.0666858	0.96737097	0.96090874	0.9978106	1.1332212	1.2967173	1.4929127	1.7040615	1.8343013	1.6217471	1.2314375	0.72873568	0.32522319	0.0081523467	-0.29106941	-0.50487651	-0.70535226	-0.85965089	-1.0043757	-1.1135264	-1.1965643	-1.2414744	-1.2664966	-1.2665181	-1.2544414	-1.2401152	-1.2317163	-1.2387676	-1.2674673	-1.3209271	-1.3895604	-1.4815074	-1.5583593	-1.6224322	-1.6683684	-1.6982471	-1.7187004	-1.7317524	-1.7422709	-1.7499186	-1.755348	-1.7602653	-1.7652346	-1.7690987	-1.7724186	-1.7743828	-1.7763235	-1.7787835	-1.7808211	-1.7836123	-1.7862239	-1.7883031	-1.790752	-1.7925978	-1.7951064	-1.7976803	-1.7999125	-1.8014852	-1.8031682	-1.8047526	-1.8057864	-1.8073048
0	-0.64531855	-0.58438065	-0.59374994	-0.67661657	-0.78263051	-0.88133568	-0.92156383	-0.9647744	-1.0010562	-1.0047256	-1.001553	-0.99157002	-0.99840479	-1.0253321	-1.042357	-1.0367968	-1.0339218	-1.0433602	-1.0385043	-1.0166324	-1.0150649	-1.0226346	-1.0478766	-1.0732192	-1.0760301	-1.0668939	-1.055302	-1.0550901	-1.0738979	-1.1047352	-1.1093125	-1.0902232	-1.0679432	-1.0599476	-1.0558873	-1.0369146	-1.0043686	-0.96769497	-0.91791845	-0.837698	-0.77509589	-0.73766321	-0.68285718	-0.63181923	-0.58658945	-0.53556125	-0.49531624	-0.51223181	-0.53193475	-0.49290542	-0.41273275	-0.30950263	-0.26234516	-0.19359913	-0.059438663	0.012502827	0.11948239	0.29338307	0.43290522	0.4350447	0.37888193	0.45620222	0.54730167	0.62796874	0.70119498	0.65768087	0.70689493	0.82242163	0.836653	0.83439249	0.91779979	1.017055	0.99659569	0.97938127	0.9705856	0.88542094	0.83674844	0.79515949	0.69250869	0.72350532	0.81731026	0.86265017	0.8055944	0.71114955	0.66515846	0.61105875	0.5611404	0.60618843	0.66458636	0.66253028	0.68404152	0.71681452	0.67726239	0.57972208	0.55525174	0.59204236	0.56342816	0.51813008	0.4796219	0.3861741	0.31733391	0.28339897	0.27588083	0.27150732	0.25754642	0.27938427	0.28026181	0.25106487	0.26365497	0.26790959	0.3242797	0.40672264	0.44645309	0.50553541	0.52754563	0.55527075	0.60549276	0.6354571	0.72916294	0.79021136	0.7925962	0.76939084	0.76048934	0.83043824	0.81746184	0.72036942	0.62344049	0.60191911	0.57182549	0.50219356	0.45334489	0.40486871	0.35545453	0.33845924	0.28785004	0.23596939	0.2305873	0.27891305	0.32678824	0.29942471	0.33699806	0.4080259	0.51609909	0.63043584	0.67456742	0.74642374	0.82280667	0.8887107	0.88757449	0.88411123	1.0113578	1.085368	1.0625163	1.0561426	1.05562	1.0756709	1.1023924	1.0984825	1.0019863	0.89232884	0.8386954	0.75981445	0.68737235	0.69110785	0.68433721	0.63300623	0.54629612	0.47768393	0.39752952	0.32666683	0.1911808	0.084649634	-0.034929793	-0.18969317	-0.28890682	-0.35951755	-0.38134691	-0.40491284	-0.39914281	-0.36129544	-0.35948042	-0.25793668	-0.15427691	-0.087988473	-0.034951338	-0.062098657	-0.12462244	-0.14134575	-0.16491726	-0.18151674	-0.062754023	0.0053182594	0.068151161	0.15867585	0.28676819	0.39522604	0.43942289	0.53621912	0.67486576	0.87338089	0.99499346	1.1541047	1.2816508	1.3099388	1.4159586	1.5847472	1.6612085	1.736188	1.7239128	1.7546881	1.7564572	1.5750074	1.493848	1.4751956	1.434648	1.5110891	1.5760604	1.5845039	1.5954975	1.5852403	1.602918	1.4645278	1.1959152	0.99207048	0.83634985	0.72433406	0.65630867	0.79011022	0.94084799	1.0112241	1.1848086	1.4053291	1.3980211	1.2577024	1.0450696	0.74585849	0.48350441	0.23736783	-0.039288086	-0.29094985	-0.50341903	-0.65167983	-0.81246596	-0.94253771	-1.0473717	-1.1039118	-1.1399553	-1.1498306	-1.1492289	-1.1438711	-1.1255873	-1.1462005	-1.2008875	-1.2725627	-1.3646049	-1.4839826	-1.5804996	-1.6620887	-1.7206899	-1.7612711	-1.7907746	-1.8074534	-1.8200956	-1.8296359	-1.8366215	-1.8429292	-1.8483056	-1.8530898	-1.8571045	-1.8602105	-1.8639969	-1.8663233	-1.8686859	-1.8724158	-1.8752407	-1.8762024	-1.8783953	-1.8811832	-1.8840385	-1.8866062	-1.8882599	-1.8899249	-1.8920681	-1.8939811	-1.8961513	-1.897537
0	-0.58432694	-0.56087781	-0.58063746	-0.65223592	-0.74986651	-0.83602688	-0.88269054	-0.91703879	-0.93241402	-0.93592519	-0.94930786	-0.95465127	-0.96022209	-0.97704852	-0.98262942	-0.97528157	-0.97096838	-0.96639116	-0.94998908	-0.94051141	-0.94617422	-0.95796216	-0.97125057	-0.98649126	-0.99948055	-0.99730848	-0.98511602	-0.98691164	-1.0071916	-1.0327075	-1.0434168	-1.0243197	-1.0085833	-1.0149424	-1.0050994	-0.98248512	-0.95951769	-0.9339424	-0.89041163	-0.83217297	-0.79630518	-0.77479536	-0.73773384	-0.6877027	-0.64264766	-0.62557367	-0.63250602	-0.62030227	-0.58314297	-0.52127341	-0.44907	-0.38630079	-0.31627495	-0.20835994	-0.04464269	0.11118171	0.26496141	0.4275252	0.51103851	0.61583848	0.71215789	0.73084797	0.73922755	0.76483121	0.88159987	0.97518298	0.98404808	1.0080819	1.1387871	1.2371849	1.2327625	1.2335305	1.2387584	1.2441375	1.1983139	1.1434738	1.0013281	0.86624265	0.86060898	0.86535689	0.91098362	0.92919383	0.81168996	0.75482684	0.67327359	0.54125478	0.55566844	0.60576501	0.56739277	0.58115495	0.5854114	0.54429432	0.49347168	0.41745372	0.37469965	0.37946159	0.31385205	0.2514625	0.22407663	0.16955598	0.13084069	0.10862113	0.10592129	0.13409286	0.17054028	0.14985658	0.14946594	0.17511964	0.15717468	0.17742091	0.2541631	0.30921885	0.34785009	0.3907117	0.4431701	0.4804923	0.49419103	0.53780585	0.58928194	0.59546198	0.58880481	0.61131906	0.61614095	0.59905705	0.58504623	0.55510635	0.47600995	0.41105067	0.39027164	0.3505928	0.29714536	0.2517996	0.24011202	0.22545294	0.20735805	0.19407818	0.17588383	0.2013162	0.22009505	0.25627463	0.31138498	0.34571752	0.42664417	0.59373058	0.76775421	0.84199775	0.95911236	1.0598112	1.0115944	0.95266904	1.039913	1.1633556	1.1840152	1.1302578	1.0887263	1.073948	1.0878262	1.0850065	1.0084135	0.90570581	0.81373757	0.73924234	0.68191431	0.60854432	0.56384896	0.54673714	0.4969708	0.45667023	0.33679782	0.20385939	0.080655796	-0.03915484	-0.17684805	-0.27785939	-0.36523378	-0.43584229	-0.45366095	-0.44806099	-0.43728358	-0.44157542	-0.45063514	-0.39266799	-0.34068793	-0.3126956	-0.29120546	-0.27394462	-0.27855875	-0.29070378	-0.28285593	-0.26984909	-0.18813385	-0.095580336	0.024142594	0.12286547	0.23162994	0.37374708	0.46112833	0.63245975	0.76679477	0.98045454	1.1400243	1.2914282	1.4440639	1.6044669	1.7989047	1.9239187	2.0212058	2.1171407	2.1771109	2.1602473	2.043563	1.8917938	1.7998625	1.6395228	1.547064	1.643501	1.6573366	1.5664007	1.5283266	1.54522	1.5469653	1.4161947	1.1306523	0.87804843	0.74718232	0.63523128	0.55595794	0.632788	0.71704125	0.80717558	0.9306249	1.0899525	1.1438971	0.96168392	0.6850928	0.37158796	0.11156168	-0.086287538	-0.26510865	-0.42072287	-0.61055523	-0.75940809	-0.89967865	-1.0133741	-1.1120411	-1.1736058	-1.2147259	-1.2374824	-1.2455389	-1.2506003	-1.256445	-1.2729734	-1.3081615	-1.3620623	-1.4249703	-1.4969208	-1.5541363	-1.6014162	-1.6354394	-1.6583472	-1.6741769	-1.6846503	-1.6930115	-1.6997031	-1.7048615	-1.7085226	-1.712672	-1.7164736	-1.7195552	-1.721877	-1.7239988	-1.7256883	-1.7274242	-1.7300132	-1.7324891	-1.7337905	-1.7352576	-1.7369318	-1.7390034	-1.7411594	-1.7427409	-1.7439239	-1.7449517	-1.7461427	-1.7473527	-1.7482243
0	-0.56342677	-0.53389622	-0.5438216	-0.59824625	-0.69025962	-0.79438396	-0.88414007	-0.92396995	-0.93950366	-0.95351568	-0.9589398	-0.98632095	-0.98852591	-0.97580926	-0.98546957	-0.98883899	-0.9992518	-1.0026849	-0.98385173	-0.98491965	-1.0018161	-1.0087719	-1.0231687	-1.0460031	-1.0731982	-1.0812533	-1.0686455	-1.0779797	-1.0953768	-1.1065693	-1.1134956	-1.1006994	-1.0812791	-1.0832293	-1.0728334	-1.0399594	-1.0244742	-0.98892106	-0.93060879	-0.87991233	-0.83701887	-0.80609304	-0.74890568	-0.67556525	-0.62795103	-0.60985369	-0.60201124	-0.58620909	-0.55438029	-0.51125674	-0.4723705	-0.40496302	-0.3010493	-0.1937526	-0.085304588	0.055368189	0.1917122	0.31195279	0.44437909	0.51485688	0.51897166	0.59475632	0.6644069	0.66869265	0.75224463	0.79140439	0.78946817	0.88634636	0.9284857	0.96156082	1.1246862	1.1699644	1.0707192	1.146852	1.1412046	1.0551498	0.95821627	0.76428903	0.68666591	0.75272399	0.87620107	0.86580928	0.82613212	0.71003851	0.60399742	0.58003392	0.61711596	0.69039063	0.70960441	0.69691019	0.67385169	0.66641173	0.61743027	0.58992076	0.56476864	0.482495	0.44468606	0.44252249	0.38703329	0.29782547	0.23604752	0.21153197	0.19629778	0.21354037	0.26546287	0.23810486	0.1651238	0.16759016	0.18157772	0.23047487	0.32972624	0.37468988	0.41328933	0.4817264	0.51810101	0.58629188	0.66488902	0.6633189	0.66539183	0.70593668	0.7277201	0.7377301	0.77023838	0.79203852	0.76812089	0.70627485	0.6505426	0.57432445	0.48769757	0.4759733	0.4169803	0.34130157	0.31315233	0.28906985	0.27029557	0.23519003	0.19789726	0.18794721	0.22293857	0.2817401	0.32906051	0.37555063	0.45803572	0.55255215	0.66325232	0.74515803	0.88230254	1.0037071	0.93159026	0.91802529	1.0081645	1.0441432	1.0659956	1.1104871	1.0897723	1.0626688	1.0849617	1.0131493	0.94977955	0.9653669	0.8533267	0.75702259	0.72466549	0.69777615	0.67765991	0.63457825	0.55045821	0.46256135	0.36021388	0.28236311	0.10943988	-0.039382114	-0.16365501	-0.26841205	-0.34043845	-0.37671784	-0.38155565	-0.41311244	-0.42215749	-0.41793556	-0.39957989	-0.32116574	-0.24976358	-0.18271862	-0.14037732	-0.16205716	-0.16199466	-0.15129539	-0.1828954	-0.1690518	-0.064984655	0.0084755638	0.11353172	0.25310345	0.40980888	0.49199637	0.55589853	0.6785485	0.78007354	0.94534027	1.131611	1.2593728	1.3173874	1.4499491	1.6126803	1.6657988	1.7474009	1.830853	1.7217769	1.7125435	1.6961376	1.5272692	1.4338169	1.359912	1.4476601	1.5674916	1.5378068	1.6079503	1.626103	1.6758771	1.6366599	1.4623056	1.2928533	1.0671394	0.92730839	0.79878339	0.71610644	0.70153634	0.78820329	0.96125671	1.0645719	1.2476239	1.3247336	1.0907386	0.80683504	0.49894198	0.20954885	-0.012323736	-0.21747153	-0.39950964	-0.59589336	-0.74401292	-0.87962065	-0.98484176	-1.0801923	-1.1321557	-1.146214	-1.1274517	-1.106697	-1.0934718	-1.0659397	-1.0620226	-1.1041129	-1.1868495	-1.3000841	-1.4376597	-1.5471993	-1.6386998	-1.7010534	-1.741306	-1.7700111	-1.7882323	-1.8009765	-1.8095021	-1.8156862	-1.8220923	-1.8287297	-1.8330664	-1.8355009	-1.8384494	-1.8419489	-1.8440295	-1.8461902	-1.8491015	-1.8513284	-1.8530087	-1.8558202	-1.8578697	-1.8591976	-1.8610028	-1.863121	-1.865041	-1.8661225	-1.8669447	-1.8684191	-1.8695715
1	-0.40727383	-0.38262992	-0.44092884	-0.52708256	-0.59484591	-0.69076724	-0.77191679	-0.79735013	-0.82758478	-0.84397153	-0.85457335	-0.85666829	-0.85052255	-0.86269171	-0.87542081	-0.89727555	-0.90475778	-0.89757468	-0.89358691	-0.89440764	-0.90743107	-0.93228936	-0.96256848	-0.98720834	-1.0069849	-1.0218726	-1.0132979	-0.9913819	-1.0049536	-1.030145	-1.0222198	-0.99766014	-0.989191	-0.98768682	-0.98473013	-0.97138077	-0.94951495	-0.92007603	-0.86499566	-0.81567941	-0.76115912	-0.68959274	-0.62700903	-0.54791999	-0.49227685	-0.48455133	-0.49225768	-0.51374652	-0.51308868	-0.48036249	-0.43872969	-0.39048135	-0.32013379	-0.23236616	-0.09180219	0.065427596	0.17134396	0.34029616	0.51025026	0.55488601	0.59263434	0.60423938	0.64558129	0.69009113	0.66012746	0.71261748	0.76356456	0.88354846	1.016597	1.0248195	1.111327	1.1350141	1.1600372	1.183902	1.106039	0.94866577	0.84685426	0.83982356	0.8368769	0.84206477	0.83314289	0.89719635	0.89317714	0.82275487	0.73317166	0.68631835	0.65742737	0.60431813	0.6574943	0.74143315	0.80413903	0.77404002	0.70528242	0.64123615	0.57923752	0.55701928	0.52286871	0.49585245	0.46987385	0.42145664	0.33550952	0.25222656	0.24188869	0.25266238	0.2471875	0.22333274	0.19293475	0.19468924	0.21162364	0.27831639	0.40501749	0.52933394	0.59028533	0.59739253	0.60573922	0.61693659	0.66150722	0.71965627	0.77066353	0.81627197	0.81510091	0.8175893	0.852766	0.86454906	0.86207055	0.86113918	0.76264517	0.58664939	0.49141165	0.46042244	0.39399423	0.3294831	0.27141894	0.23496459	0.25994714	0.26327243	0.20328549	0.17047202	0.16443198	0.14408246	0.19436855	0.27489798	0.36308541	0.49821164	0.61441901	0.70639314	0.77575993	0.8303181	0.83095363	0.84104597	0.89381806	0.92999245	0.9783167	0.92027424	0.87864175	0.92961742	0.94916178	0.90427376	0.80938185	0.67329971	0.56969837	0.54943883	0.56444776	0.56137744	0.5010297	0.42066884	0.39389976	0.41577471	0.31829965	0.23452338	0.11072089	-0.036221777	-0.1393885	-0.24932766	-0.34327936	-0.40379942	-0.39530947	-0.39578361	-0.40255441	-0.38388961	-0.40565422	-0.35298409	-0.25169912	-0.19256586	-0.14902691	-0.11668997	-0.17203414	-0.23595734	-0.29843102	-0.32731885	-0.20901968	-0.093082241	0.032817137	0.10544558	0.1768335	0.26757115	0.30810595	0.39258303	0.47703301	0.6660371	0.85071492	0.97123584	1.118299	1.2847239	1.4004946	1.553084	1.6314851	1.5967152	1.5956061	1.5456086	1.4093129	1.313823	1.1876143	1.1375414	1.2340757	1.390712	1.4032779	1.4714115	1.5208578	1.8262565	1.9937268	1.7929727	1.5527447	1.2861609	1.1067361	0.93043321	0.80236343	0.93286845	1.0979742	1.147445	1.2589919	1.695094	1.9097135	1.5998169	1.1715978	0.74315306	0.37700413	0.086087769	-0.16359254	-0.37168317	-0.58431536	-0.74573203	-0.91374015	-1.0331069	-1.1294763	-1.1908127	-1.2333586	-1.236153	-1.2215701	-1.2113039	-1.1986136	-1.2099549	-1.2429989	-1.3073518	-1.3981116	-1.5153536	-1.6096477	-1.6898235	-1.7481867	-1.7865674	-1.8152549	-1.8346865	-1.8466612	-1.8553897	-1.8648135	-1.8716397	-1.877582	-1.8830678	-1.8876112	-1.8907737	-1.8939634	-1.897052	-1.8998215	-1.9035037	-1.9072286	-1.9095264	-1.9122849	-1.9152754	-1.9178391	-1.9209708	-1.9240658	-1.9268692	-1.9293375	-1.9309771	-1.9328453	-1.9341239
1	-0.62909419	-0.60395183	-0.6394648	-0.67217873	-0.72981696	-0.81130731	-0.86505099	-0.89712317	-0.9209693	-0.93593685	-0.93256674	-0.92058967	-0.91985788	-0.94675458	-0.9817074	-0.99948704	-1.0017932	-1.000494	-0.99485472	-1.0085826	-1.0307119	-1.0521258	-1.0646441	-1.0751883	-1.0941701	-1.0870324	-1.0634697	-1.0483512	-1.0440581	-1.0562291	-1.0582035	-1.0449673	-1.0451448	-1.044851	-1.0365389	-1.0220494	-0.9930177	-0.95051994	-0.91040555	-0.8572233	-0.80319141	-0.75399386	-0.63540482	-0.4988612	-0.46327337	-0.43493383	-0.42297675	-0.45276715	-0.44583241	-0.45015204	-0.44885689	-0.42898379	-0.38671734	-0.2858749	-0.15482875	-0.024444441	0.083502558	0.18044318	0.2638284	0.30653459	0.37543403	0.46652054	0.46059008	0.45800662	0.48586621	0.4889771	0.54194611	0.64068546	0.73745915	0.75955682	0.77146213	0.82745755	0.79338089	0.69665511	0.62737314	0.60070186	0.59429979	0.56334075	0.51635931	0.57175201	0.70873399	0.77785886	0.68273632	0.62933421	0.6036625	0.5648794	0.5366051	0.51768152	0.56806953	0.61125578	0.65937794	0.74213479	0.79554514	0.70322112	0.64689237	0.64200297	0.59892548	0.56062169	0.4935398	0.43082171	0.38251004	0.26099781	0.20935132	0.24433334	0.2447842	0.22959903	0.22340143	0.21417656	0.21131955	0.25286534	0.38248523	0.51268261	0.51850699	0.50272125	0.57618286	0.69922659	0.72652282	0.72705538	0.81651565	0.95110238	0.93648678	0.91169262	0.91123834	0.89498335	0.98481823	0.95734704	0.77726737	0.64179775	0.58531426	0.53922288	0.45857629	0.39747064	0.35788175	0.3048505	0.26826855	0.27310663	0.2620178	0.23385482	0.21325068	0.20870369	0.27242606	0.34113333	0.4310573	0.56302196	0.69799464	0.75849212	0.82917351	0.92604184	0.87186954	0.81250594	0.87520243	0.90048017	0.86745901	0.91833927	0.97856448	0.98869555	0.9441008	0.88680436	0.76187367	0.70053511	0.66745887	0.57023667	0.56511179	0.61428293	0.57035548	0.55327619	0.52502841	0.51166956	0.46412498	0.30428853	0.13416327	0.032867086	-0.047276142	-0.15884028	-0.2463998	-0.31023467	-0.32098033	-0.31242309	-0.31245186	-0.2769144	-0.2579382	-0.14052551	-0.028086498	0.037452675	0.03389649	-0.021801203	-0.077767103	-0.14620232	-0.18596905	-0.19283738	-0.082081492	0.035324568	0.11570606	0.230765	0.43825875	0.48070646	0.44604954	0.51582942	0.58037117	0.75259545	0.90844485	1.0145855	1.1816549	1.3125056	1.4202943	1.4639271	1.5674939	1.6855776	1.6631021	1.5813943	1.4475483	1.3369996	1.4221478	1.4075864	1.3145542	1.4620235	1.5219735	1.6104007	1.7682219	1.9981303	1.9648174	1.7789223	1.536286	1.3279046	1.1575912	0.92163783	0.88708058	1.039951	1.1754779	1.4015725	1.5667272	1.7676852	1.9508644	1.7804847	1.324128	0.7866181	0.44644832	0.15414149	-0.13145871	-0.37618888	-0.60670436	-0.77847169	-0.94907721	-1.0778181	-1.1859672	-1.2538912	-1.2929606	-1.3143222	-1.3314984	-1.3356646	-1.3353281	-1.3535649	-1.3860851	-1.4329355	-1.492473	-1.5610491	-1.6165511	-1.6653496	-1.7000932	-1.7228108	-1.7402818	-1.7521451	-1.761611	-1.7684379	-1.7738977	-1.7786486	-1.7835003	-1.7877971	-1.7898316	-1.7918451	-1.7952893	-1.7978162	-1.7999698	-1.8024652	-1.804893	-1.8076612	-1.8101641	-1.8123578	-1.8160353	-1.8193956	-1.8217602	-1.8235015	-1.8254132	-1.8277802	-1.8291416	-1.8308087
1	-0.57643322	-0.53298774	-0.50687836	-0.56112421	-0.65208653	-0.76729111	-0.84949585	-0.88827835	-0.91485692	-0.92853993	-0.92320641	-0.90031318	-0.88434139	-0.91255943	-0.94883949	-0.97170323	-0.98879153	-0.97583454	-0.9773796	-0.98456857	-0.99444933	-1.0116326	-1.0313886	-1.0734394	-1.0896117	-1.0931967	-1.0881054	-1.081225	-1.0954903	-1.1078622	-1.1120739	-1.1084332	-1.0914475	-1.0787625	-1.0702468	-1.0505864	-1.0246021	-0.99771947	-0.94820768	-0.88248148	-0.83049047	-0.76586433	-0.6651793	-0.56415153	-0.49556625	-0.46357789	-0.48152968	-0.50846755	-0.50733376	-0.49310519	-0.47746192	-0.42829096	-0.35948769	-0.24633269	-0.15645143	-0.059151222	0.1445404	0.27737333	0.34455888	0.38121605	0.39327528	0.43725307	0.50914382	0.58269207	0.62293233	0.62866142	0.67846292	0.72752642	0.8210334	0.92691245	0.83175368	0.85971947	0.98295721	0.90684997	0.82451316	0.73834228	0.59686793	0.61085793	0.6613637	0.66692592	0.69678228	0.68913494	0.69053615	0.68926807	0.60278372	0.53227361	0.57554151	0.57992539	0.61412924	0.69282558	0.67521102	0.71054293	0.73811262	0.66308931	0.61805284	0.63728279	0.64905433	0.57294826	0.49549009	0.41810353	0.31718682	0.2959372	0.29182595	0.25724731	0.25825593	0.27682075	0.2544959	0.21747466	0.2362787	0.26800515	0.30484605	0.40182813	0.49521937	0.54649656	0.57719032	0.61206916	0.6788621	0.68304846	0.71702	0.83629244	0.89925111	0.89045099	0.85435233	0.85311554	0.82007963	0.77729928	0.77872076	0.66907925	0.5806444	0.52826896	0.44776628	0.41149577	0.37549831	0.36289436	0.33280442	0.28647609	0.26268362	0.23237356	0.22293621	0.24517885	0.29528841	0.3530799	0.40861049	0.50503352	0.61959345	0.75326823	0.86750143	0.87422237	0.80255503	0.77162122	0.8508993	0.89284024	0.91184053	0.97986104	0.97561665	0.92626132	0.87342146	0.8659814	0.84094641	0.7566279	0.75823174	0.69290037	0.62318522	0.63179005	0.6316217	0.6209813	0.61310928	0.55698124	0.43059938	0.37687693	0.2382902	0.11159116	0.0065798564	-0.12908733	-0.2382624	-0.29939807	-0.2855743	-0.26238256	-0.27641393	-0.2962826	-0.29838585	-0.18003662	-0.087490201	-0.016196898	0.026859264	0.0310295	0.017162234	-0.061868686	-0.11885056	-0.11071408	-0.029579588	0.056012941	0.20272237	0.29509598	0.38433482	0.4452561	0.47049244	0.56263544	0.67709989	0.8472286	0.95621718	1.0722651	1.1437996	1.2722302	1.3825455	1.4044028	1.4293204	1.4988517	1.5944635	1.5052716	1.3697642	1.3444496	1.3343552	1.3137121	1.2727263	1.4460642	1.5600929	1.4451236	1.4823467	1.804247	1.8582149	1.7616395	1.5401203	1.2684979	1.0869822	0.96193312	0.97428693	1.1222984	1.1705784	1.2745837	1.4317198	1.5839328	1.7248396	1.6528573	1.3514524	0.91499324	0.46698754	0.14174603	-0.1318624	-0.36538979	-0.60224419	-0.76494472	-0.92711845	-1.0557331	-1.1504088	-1.1990849	-1.2191039	-1.2134086	-1.1999425	-1.1884337	-1.1752972	-1.183302	-1.2210732	-1.2950986	-1.3888392	-1.5033345	-1.6032767	-1.6883166	-1.7461393	-1.7826627	-1.8078919	-1.825466	-1.8399487	-1.8488712	-1.8549885	-1.8617288	-1.8680035	-1.8724202	-1.8760465	-1.8790368	-1.882021	-1.8841979	-1.8856971	-1.8885837	-1.8922699	-1.8943861	-1.896649	-1.8994357	-1.901701	-1.9041204	-1.9068349	-1.9091876	-1.9111639	-1.9127787	-1.9146137	-1.9157485
0	-0.44148543	-0.44936588	-0.44454026	-0.49762005	-0.58064202	-0.64905496	-0.74259774	-0.81046908	-0.82545751	-0.83678627	-0.86241533	-0.84408514	-0.82226877	-0.84541316	-0.89702358	-0.93829944	-0.95890535	-0.95632317	-0.94416667	-0.95401052	-0.96120551	-0.98570315	-1.0155339	-1.0215018	-1.027604	-1.031263	-1.0110437	-0.99653177	-1.0053108	-1.0247495	-1.041086	-1.0455284	-1.0402712	-1.02274	-0.99541616	-0.96538883	-0.94188723	-0.90690277	-0.86480662	-0.80965821	-0.71577615	-0.66484814	-0.60487478	-0.53243314	-0.48357534	-0.42462074	-0.39651271	-0.41006007	-0.41013114	-0.37462289	-0.36526045	-0.3354547	-0.26767608	-0.22047893	-0.087451139	0.045841542	0.048068106	0.11588485	0.26274773	0.34265828	0.39618349	0.46838189	0.51847871	0.55241877	0.44085013	0.47279968	0.5977552	0.60700791	0.64271091	0.75693772	0.87283182	0.84753951	0.82982504	0.81202036	0.88092482	0.89013342	0.79245567	0.7801909	0.7215283	0.67254442	0.62908784	0.71445061	0.83314848	0.78404624	0.68988229	0.60994172	0.63182584	0.62571285	0.58245526	0.64992277	0.74696859	0.77693402	0.77737067	0.73834303	0.65349369	0.62086877	0.62291573	0.60460174	0.5431116	0.50983934	0.46769789	0.36629285	0.31899846	0.33282983	0.35439991	0.35385486	0.32030775	0.29262256	0.29374149	0.29711355	0.36156116	0.46143306	0.49296363	0.49854525	0.51530791	0.54920306	0.6128398	0.70846608	0.74353463	0.70970311	0.77011165	0.82161939	0.82093871	0.87490548	0.84359995	0.78864616	0.71644895	0.64685213	0.61479657	0.54229874	0.50287443	0.46449454	0.38449127	0.3474823	0.34445988	0.31845912	0.31314491	0.32920245	0.32132399	0.30438665	0.29307741	0.36617555	0.46978018	0.50230933	0.54717058	0.63011563	0.71891423	0.77746751	0.75164423	0.70121304	0.80765332	0.94918154	0.99774085	0.99146367	1.0224132	1.0741093	1.0683293	1.053135	1.0061067	0.88681211	0.85573068	0.86060624	0.8356483	0.79001908	0.73633473	0.73237006	0.68993383	0.64503923	0.59200235	0.49284752	0.31318982	0.17527968	0.086398454	-0.020495476	-0.12918065	-0.21652928	-0.23398976	-0.24140632	-0.24109521	-0.22301861	-0.23900095	-0.17970164	-0.11679832	-0.057672491	0.060898247	0.12140364	0.064294351	-0.073976582	-0.14448019	-0.063078229	0.021159109	0.083695785	0.15100866	0.18107252	0.29818253	0.33142609	0.37382619	0.51185854	0.54557688	0.6299638	0.7293855	0.80716061	0.89708757	0.97824549	1.100338	1.15593	1.1869844	1.3362439	1.4167728	1.4076511	1.4739919	1.4893878	1.3862693	1.2725002	1.3172459	1.5061888	1.4158859	1.3907998	1.4873887	1.6425155	1.698308	1.5443096	1.3966105	1.1928853	1.0596306	0.96054271	0.89567971	0.95751617	1.0641257	1.0944062	1.1417386	1.3966608	1.5129621	1.3611637	1.1495048	0.9444153	0.72368087	0.49745037	0.21956587	-0.081968487	-0.33819178	-0.51258775	-0.7172851	-0.87706461	-1.0049598	-1.0965542	-1.1537288	-1.1684633	-1.187211	-1.2013125	-1.1891976	-1.2078202	-1.2634496	-1.3508457	-1.4618626	-1.5914539	-1.7034542	-1.7973122	-1.8627056	-1.9059964	-1.9368895	-1.9583686	-1.9744378	-1.9856151	-1.9947521	-2.0016881	-2.0083848	-2.0149157	-2.0188304	-2.0231834	-2.0265142	-2.0293005	-2.0328671	-2.0355179	-2.0391486	-2.0423481	-2.0445485	-2.0458944	-2.0484175	-2.0530403	-2.0557195	-2.0568855	-2.0598488	-2.0621595	-2.0631785	-2.064161
1	-0.62617203	-0.55686824	-0.54579751	-0.58558229	-0.67391162	-0.76622656	-0.82892123	-0.86945233	-0.88105878	-0.87628436	-0.85910846	-0.84050597	-0.85034776	-0.88228614	-0.92427149	-0.96566314	-1.0024536	-1.0226676	-1.0188168	-1.0294724	-1.0468866	-1.0552218	-1.0793825	-1.0995863	-1.0999804	-1.0931707	-1.0672325	-1.0286298	-1.026772	-1.0413859	-1.0380548	-1.0320579	-1.0253459	-1.0293469	-1.0265317	-1.0072221	-0.99221554	-0.96465459	-0.91062848	-0.8537054	-0.79207248	-0.69612947	-0.58795997	-0.48583699	-0.391176	-0.35482246	-0.35984217	-0.37330965	-0.36459025	-0.37319925	-0.39446017	-0.37417841	-0.35821213	-0.31275504	-0.2141463	-0.089142687	0.082935611	0.20713307	0.27910086	0.35914723	0.37816907	0.39592728	0.41775185	0.4529196	0.51124981	0.55730972	0.5532202	0.57635777	0.69543055	0.73785551	0.72578801	0.74680471	0.66049777	0.60794881	0.57460608	0.5690128	0.52917229	0.42902048	0.47920566	0.58726357	0.66548081	0.7202854	0.67446879	0.60979302	0.54550643	0.49243195	0.51295027	0.54765087	0.5470041	0.58495141	0.69317757	0.74056955	0.73567996	0.6879368	0.61236821	0.59283448	0.61251527	0.60777487	0.57631978	0.50633308	0.40397541	0.30622259	0.2653182	0.23451055	0.2034363	0.21846339	0.24051313	0.23610167	0.26171661	0.32966397	0.3919324	0.46765018	0.5341413	0.58701894	0.68073969	0.75245014	0.8212795	0.93092271	0.94767462	0.99320213	1.0584407	1.0090641	1.0116991	1.0626968	1.0746043	1.0580025	0.9300186	0.78198993	0.70451715	0.62519566	0.49920878	0.40474265	0.36968371	0.33521753	0.29446882	0.27794432	0.25855594	0.25513821	0.24793779	0.23348347	0.28020498	0.3538915	0.43514683	0.53510762	0.66537332	0.75073949	0.79663182	0.90460898	0.92981422	0.85734368	0.86760694	0.94534777	0.97932906	0.94550781	0.95506102	1.0161666	0.98726044	0.93220606	0.81725709	0.74221336	0.68479334	0.61899677	0.64552005	0.6535609	0.58594898	0.55384129	0.55687329	0.51046338	0.44547018	0.37134353	0.21499615	0.076803308	-0.045528229	-0.18789717	-0.28509508	-0.32797752	-0.32173018	-0.29831582	-0.30077954	-0.31248474	-0.31090963	-0.18772429	-0.051834205	0.024310076	0.079307404	0.0129464	-0.088532449	-0.14005605	-0.20808336	-0.26178185	-0.20901421	-0.07979677	0.052474642	0.14934745	0.23158273	0.29685484	0.34580458	0.44826524	0.56386125	0.71213349	0.88132751	1.014539	1.1112559	1.252177	1.3205045	1.3694614	1.5118368	1.5948596	1.5905876	1.60812	1.4927252	1.3157137	1.3017143	1.3644077	1.4713106	1.5282749	1.4301133	1.530887	1.6879574	1.8059047	1.9291594	1.7826337	1.4377789	1.1304419	0.98406245	0.92790553	0.89418965	1.0269857	1.287059	1.4459285	1.5822192	1.8543951	1.9706292	1.794585	1.4431643	0.90936553	0.40511845	0.036424174	-0.29388543	-0.55064354	-0.75414158	-0.91100072	-1.0705556	-1.1823096	-1.2734467	-1.3346865	-1.3818489	-1.4131555	-1.4330288	-1.4489246	-1.4642588	-1.4810609	-1.504071	-1.5376328	-1.5759019	-1.6161673	-1.6485351	-1.6762756	-1.6974416	-1.7120623	-1.7235177	-1.7317397	-1.7383484	-1.7440329	-1.7484024	-1.7514038	-1.7550782	-1.7588715	-1.7613994	-1.7629818	-1.7651532	-1.7669433	-1.7688614	-1.7717742	-1.7752714	-1.7771924	-1.7792058	-1.7824388	-1.7853203	-1.7880102	-1.7906227	-1.7934769	-1.7960424	-1.7978357	-1.7990404	-1.8001914
1	-0.69637574	-0.64382723	-0.65514167	-0.71097519	-0.80322595	-0.89365728	-0.94614686	-0.96945331	-0.98356211	-0.99518308	-1.0010637	-0.9922821	-0.98011293	-0.9930273	-1.0232553	-1.0439656	-1.0513228	-1.0521992	-1.0564046	-1.0608804	-1.0521403	-1.0578567	-1.0787669	-1.0970929	-1.1163718	-1.1146986	-1.0970442	-1.0932358	-1.1037925	-1.1112089	-1.1072335	-1.0973472	-1.0899435	-1.07852	-1.0771457	-1.0654419	-1.0269527	-0.99913544	-0.95864181	-0.91080304	-0.85808827	-0.77656929	-0.693307	-0.62530373	-0.57220214	-0.5504745	-0.57284699	-0.57464043	-0.5531178	-0.56453643	-0.54011305	-0.47448867	-0.41211518	-0.29876074	-0.16784437	-0.032980401	0.12282981	0.24438668	0.3172026	0.41374009	0.51868826	0.56358127	0.56725669	0.58321022	0.62221379	0.62655667	0.64826123	0.74702005	0.82727567	0.88220261	0.89476335	0.88069678	0.91500407	0.83588637	0.73162133	0.65573806	0.62592935	0.62524552	0.61493883	0.62483493	0.63216604	0.66137074	0.66772241	0.65134633	0.58962616	0.53236837	0.52439474	0.5589285	0.61012247	0.71344485	0.77669255	0.69949151	0.62934372	0.59416627	0.59776964	0.54814334	0.46231293	0.44914981	0.43142221	0.38138334	0.29811999	0.21264994	0.1949452	0.19817707	0.20529365	0.20914252	0.1758822	0.15533182	0.19475864	0.26597916	0.32745012	0.41315488	0.52903707	0.59501671	0.6081572	0.63836014	0.74336702	0.87769498	0.87074035	0.85014461	0.85917275	0.85404221	0.87662399	0.93400801	0.93055791	0.79731219	0.69712191	0.60087667	0.49645454	0.44617864	0.39324076	0.32392251	0.26955839	0.27017388	0.25441225	0.19285416	0.19801499	0.18685589	0.16496315	0.19364693	0.24486085	0.33289891	0.43260237	0.54449496	0.64164492	0.75679989	0.86156057	0.93493641	0.94955953	0.90636924	0.93605519	0.9582106	0.94317712	0.96240104	0.97199977	0.96750211	0.92219781	0.81081397	0.74994296	0.6972681	0.6242358	0.56708916	0.53734379	0.51906626	0.49802952	0.52142948	0.49351411	0.38844075	0.29496029	0.23426632	0.11264819	-0.015359193	-0.15578739	-0.28449983	-0.36931449	-0.39572576	-0.37744683	-0.36010175	-0.35427856	-0.35395011	-0.34920939	-0.23024802	-0.11617668	-0.061137092	-0.031044945	-0.054495145	-0.11993181	-0.16827469	-0.20805421	-0.20270717	-0.066540867	0.04122649	0.12196337	0.20072035	0.34135055	0.45356288	0.51104517	0.6559614	0.74375012	0.88096815	1.1112896	1.2260592	1.3030072	1.4404326	1.574583	1.6598154	1.7127021	1.7349257	1.8363645	1.9806251	1.7301852	1.5101255	1.3985516	1.2958232	1.3484037	1.5231991	1.6049706	1.7051752	1.7734813	2.0278713	2.0418816	1.7781514	1.4913201	1.2465701	1.0398371	0.92422086	0.85117696	0.88497422	1.0260896	1.2311723	1.5283514	1.7327365	1.8023824	1.6218342	1.2598575	0.76959568	0.35832076	0.055193629	-0.23527461	-0.44734936	-0.63140038	-0.77528761	-0.91939158	-1.0320594	-1.124996	-1.1738397	-1.190349	-1.1864586	-1.1788013	-1.1621179	-1.1393323	-1.1378385	-1.1656012	-1.2255697	-1.3068174	-1.4134589	-1.5009303	-1.5719725	-1.6241434	-1.6599531	-1.683797	-1.6990561	-1.7107443	-1.7186597	-1.7252003	-1.7303781	-1.7348341	-1.7395217	-1.7437024	-1.7461595	-1.748269	-1.7503838	-1.7529982	-1.755782	-1.7582112	-1.7598465	-1.7624568	-1.7652921	-1.7676066	-1.7695512	-1.7715944	-1.774465	-1.7765743	-1.7773633	-1.7789851	-1.7804869
1	-0.59182708	-0.57097984	-0.59002393	-0.66394766	-0.75591829	-0.83324754	-0.89181943	-0.93446406	-0.95917819	-0.97198653	-0.9639616	-0.93851611	-0.94161606	-0.96363598	-0.98209761	-1.0032796	-1.0119122	-1.0069522	-1.0093006	-1.0152972	-1.0207021	-1.0281125	-1.0462417	-1.0678617	-1.0829141	-1.091951	-1.0829189	-1.0654574	-1.0752452	-1.0903197	-1.0819331	-1.0671251	-1.0647403	-1.0703622	-1.0571501	-1.0299267	-1.0020078	-0.96347573	-0.91152956	-0.85559363	-0.79111451	-0.72389925	-0.6638173	-0.58384159	-0.50723513	-0.49799158	-0.52407087	-0.52080693	-0.52807144	-0.54058668	-0.48571616	-0.40544804	-0.33634258	-0.25260571	-0.13719216	0.01508169	0.14231607	0.2872904	0.40023766	0.43061297	0.43876729	0.44440605	0.50959508	0.58345889	0.63940936	0.67608713	0.69629033	0.77713482	0.86826476	0.88733044	0.98041673	1.1053344	1.1042587	1.0378532	0.94906608	0.85349828	0.7463665	0.74749185	0.7817249	0.73345258	0.79494078	0.8593449	0.80215686	0.74124059	0.64610151	0.58066145	0.6219531	0.62961767	0.66001775	0.7159011	0.69803259	0.71636898	0.72576046	0.66768441	0.62174234	0.58831841	0.53950901	0.53551149	0.51609501	0.45080579	0.36002762	0.30492518	0.27159577	0.23535129	0.25773682	0.30080311	0.29441472	0.25057817	0.25968361	0.30965032	0.41977163	0.534594	0.5892294	0.61300223	0.62793215	0.69737291	0.73976693	0.74320662	0.78672447	0.84807	0.89614984	0.92414105	0.9315135	0.93832853	0.92963424	0.84613746	0.75822178	0.67505215	0.58902597	0.54552847	0.50337898	0.41305665	0.3461111	0.31828373	0.27514008	0.29437722	0.28758668	0.24803702	0.24213297	0.25017658	0.28965442	0.36144717	0.44455246	0.51967585	0.64486601	0.7474978	0.75834951	0.81704013	0.82339933	0.75641558	0.86053321	0.88857037	0.85278311	0.86364825	0.882389	0.9143978	0.88867955	0.84043462	0.78134545	0.73830434	0.6598968	0.61026319	0.61573492	0.61872693	0.58980522	0.53523777	0.53469558	0.51553718	0.39254983	0.28863107	0.17210379	0.042124557	-0.12807053	-0.2119224	-0.27090031	-0.33617057	-0.337479	-0.32645375	-0.30881579	-0.31856817	-0.35955399	-0.23731766	-0.095789661	-0.041476424	-0.015699778	-0.054952743	-0.11740563	-0.18372554	-0.22737056	-0.19907116	-0.086769606	0.007987951	0.1274916	0.23151166	0.30722485	0.36608569	0.37857906	0.46171133	0.58397299	0.72627677	0.85061005	0.98151633	1.1162918	1.2367661	1.368625	1.5112068	1.5707192	1.5340066	1.5240846	1.501225	1.3749571	1.3294072	1.2937613	1.2514552	1.2667599	1.3424053	1.4002908	1.5064183	1.7409176	1.8994882	1.7968902	1.7142589	1.4904702	1.1573554	1.0607864	0.95877142	0.86810451	1.0387958	1.191567	1.2468527	1.3884701	1.6489038	1.7006547	1.6218215	1.3158293	0.83938885	0.50047677	0.2104603	-0.079537759	-0.32377172	-0.56785898	-0.73021983	-0.88466881	-1.0124587	-1.1190859	-1.1889413	-1.2348938	-1.2468463	-1.24628	-1.2432398	-1.2402935	-1.2578112	-1.2976229	-1.3588176	-1.4349968	-1.5284816	-1.6041904	-1.6706671	-1.7203159	-1.7539305	-1.7765943	-1.7910457	-1.8030906	-1.8113663	-1.8175071	-1.8228363	-1.8283443	-1.833362	-1.8371703	-1.8395359	-1.8418109	-1.8439131	-1.8467078	-1.8497292	-1.8530414	-1.8560154	-1.8583069	-1.8602528	-1.8631058	-1.8669664	-1.8688181	-1.8701928	-1.8723216	-1.8736945	-1.8752949	-1.8771268
1	-0.51973881	-0.47788275	-0.49268718	-0.54664986	-0.61995953	-0.73531553	-0.81836559	-0.85881368	-0.88165407	-0.89001838	-0.89391573	-0.89494972	-0.89164349	-0.90922861	-0.94661508	-0.98214795	-0.9938689	-0.99364411	-1.0050187	-1.003651	-0.99423152	-1.0042822	-1.0415388	-1.0812552	-1.115982	-1.1274382	-1.102813	-1.0907762	-1.1069408	-1.1222267	-1.1243753	-1.1084805	-1.0907268	-1.0942234	-1.0873448	-1.0584987	-1.0363628	-1.0007961	-0.94565155	-0.87037529	-0.79564702	-0.75156268	-0.67700044	-0.57082656	-0.50742604	-0.49965177	-0.50553744	-0.52093095	-0.51330287	-0.48280419	-0.46599017	-0.40878265	-0.35982262	-0.25926854	-0.092216728	0.021707894	0.13926518	0.27099625	0.37103793	0.43932345	0.51143573	0.4973077	0.53717794	0.67942635	0.69553746	0.70636176	0.75304967	0.76900754	0.77902275	0.74233692	0.77425421	0.87155126	0.90794159	0.86691816	0.84939849	0.78284187	0.68590194	0.64188843	0.5908413	0.67153742	0.71613714	0.73096295	0.77857031	0.68948014	0.60276458	0.58113507	0.5486901	0.55434323	0.61519321	0.65226734	0.71429119	0.74779894	0.73509846	0.69131559	0.65119954	0.6199178	0.58159361	0.53135974	0.51281264	0.45829289	0.33909795	0.25811876	0.23904469	0.23289612	0.2114072	0.21093207	0.23968991	0.22952444	0.19716928	0.25186127	0.3595444	0.45416419	0.51323057	0.53187728	0.57084777	0.67457849	0.71890279	0.74771271	0.81630197	0.85398357	0.8747758	0.90391477	0.93897406	0.93787437	0.92325209	0.83632296	0.71961812	0.63804793	0.54067814	0.48009188	0.44339196	0.38483918	0.38658982	0.36982752	0.32880265	0.26634189	0.24378493	0.25316699	0.20048842	0.22229971	0.27137858	0.30116731	0.38090886	0.50004408	0.64967775	0.77935038	0.84620166	0.89628992	0.86333792	0.84499208	0.9362286	1.0026449	1.0132887	0.99487837	1.0135897	1.0713794	1.0115746	0.91933826	0.85909002	0.78314704	0.72743814	0.66075694	0.57668436	0.59559838	0.6127571	0.5811334	0.5745189	0.53587603	0.43792863	0.31499077	0.1848528	0.06060469	-0.078674311	-0.19493662	-0.27315041	-0.333708	-0.3563168	-0.35878862	-0.33733159	-0.32537857	-0.34080731	-0.25005859	-0.12421535	-0.074725245	-0.066004646	-0.032841119	-0.066248185	-0.096981692	-0.11230103	-0.12321133	-0.054362051	0.031796685	0.17114042	0.32918104	0.32767609	0.32490196	0.43297602	0.57440352	0.66455551	0.83296405	0.97571364	1.0929554	1.167281	1.238797	1.3994329	1.5113232	1.5244182	1.4795706	1.4394364	1.3959607	1.4187667	1.4448561	1.3509802	1.2828178	1.3768843	1.3896981	1.4144624	1.6770375	1.6201117	1.6659887	1.8320826	1.8242258	1.6815023	1.3661187	1.1070131	0.96164473	0.95672927	1.0007815	1.1559375	1.2854116	1.3380279	1.5427143	1.6258492	1.5911673	1.3142132	0.737238	0.3143286	0.081547888	-0.1739613	-0.40910478	-0.62814181	-0.79167586	-0.95590207	-1.0842884	-1.1846736	-1.2368222	-1.2646269	-1.2763662	-1.2767657	-1.2680517	-1.260516	-1.2717905	-1.3066718	-1.3692746	-1.4441218	-1.5372359	-1.6144373	-1.6794039	-1.7252304	-1.7553457	-1.7767254	-1.7903401	-1.8005396	-1.8080297	-1.8146375	-1.8206318	-1.8255808	-1.8285963	-1.8320983	-1.8357082	-1.8373825	-1.8388871	-1.8415657	-1.8444545	-1.847031	-1.8487664	-1.850951	-1.85381	-1.8565163	-1.858637	-1.8608196	-1.8630136	-1.8646391	-1.8663786	-1.8678753	-1.8686068
1	-0.54327633	-0.50546034	-0.50130697	-0.54671129	-0.63468499	-0.71180884	-0.78801404	-0.85518225	-0.89254199	-0.9071128	-0.88818139	-0.86759001	-0.86377982	-0.86816373	-0.91614505	-0.97108193	-0.98124428	-0.98951457	-1.0078745	-1.0063362	-1.0047009	-1.0259927	-1.0548509	-1.0813099	-1.1007868	-1.098959	-1.0879175	-1.0758465	-1.0721559	-1.089215	-1.096547	-1.0906176	-1.0877201	-1.0779942	-1.0584602	-1.0474026	-1.0437387	-1.0071276	-0.94718087	-0.89963249	-0.85593733	-0.78937826	-0.66838468	-0.55578729	-0.49717012	-0.47026724	-0.47460002	-0.45520558	-0.4555688	-0.47461614	-0.45485305	-0.40923298	-0.36060492	-0.27111337	-0.17186632	-0.059013947	0.078722632	0.2368026	0.41707241	0.45577851	0.44960256	0.46165676	0.48582984	0.56926642	0.65199465	0.6977932	0.71656606	0.78330133	0.75936597	0.80154236	0.92704842	0.90454887	0.89023622	0.82990969	0.75129756	0.61604494	0.5570203	0.56358185	0.56153638	0.65351281	0.74414638	0.7064568	0.65359876	0.68396042	0.64635197	0.55875678	0.54302938	0.55846853	0.614203	0.72355674	0.75000902	0.77993384	0.74368807	0.68210585	0.72909765	0.707713	0.63863558	0.55166248	0.49989798	0.45453515	0.34855886	0.24731173	0.21987959	0.20349118	0.16763327	0.1693905	0.13589814	0.12991905	0.16696744	0.22252117	0.32958288	0.42699446	0.48857648	0.57283776	0.66494707	0.71643174	0.74991197	0.83461564	0.88435777	0.88051924	0.94633966	1.0197544	1.0151152	0.97499904	1.0054596	0.93311295	0.77075453	0.66161079	0.57616725	0.46712836	0.39206466	0.38774031	0.36629815	0.30064624	0.25456889	0.21280367	0.17156484	0.17117657	0.16538766	0.19235133	0.26278856	0.31418461	0.41206712	0.54444947	0.65624897	0.73113316	0.84529369	0.97726221	0.90424521	0.83218785	0.87337503	0.93360247	1.0394174	1.075535	1.0282863	0.95387737	0.94019102	0.92154858	0.83010542	0.76635624	0.69968679	0.66814102	0.64338199	0.60714598	0.56747963	0.57872473	0.53143257	0.43472759	0.32769761	0.24971846	0.15974457	0.03743954	-0.088849532	-0.24425238	-0.35100264	-0.39423755	-0.40482247	-0.38379835	-0.39557796	-0.40847749	-0.37375769	-0.24907848	-0.14688825	-0.064440363	-0.016627561	-0.010105757	-0.046162573	-0.13696352	-0.1979598	-0.22773633	-0.1534959	-0.020018159	0.13249091	0.24010406	0.25440952	0.34178855	0.43559973	0.54429636	0.65660304	0.86732057	1.0592223	1.1936686	1.305299	1.4141138	1.4526048	1.527168	1.7066685	1.7875457	1.779183	1.6590941	1.5167571	1.4539613	1.4533121	1.3338973	1.3138113	1.5183793	1.5135418	1.5870895	1.6326932	1.7295907	1.9077721	1.763845	1.4588408	1.2175272	1.0367111	0.93689654	0.90610256	0.99085911	1.1428086	1.2763163	1.4138636	1.6407842	1.6979027	1.4463022	1.0822626	0.61025254	0.21202416	-0.063913258	-0.33266622	-0.55388599	-0.76596056	-0.91786232	-1.053579	-1.1493712	-1.2296629	-1.2804556	-1.3040734	-1.307454	-1.3098826	-1.3047109	-1.2936223	-1.304667	-1.3313936	-1.3806267	-1.4473557	-1.5259275	-1.5914489	-1.6443294	-1.6822968	-1.7088459	-1.7269218	-1.7383745	-1.7480336	-1.755076	-1.7596992	-1.7636854	-1.7682782	-1.7729197	-1.7756639	-1.7775705	-1.7794356	-1.7813984	-1.7838403	-1.7861679	-1.788481	-1.7902534	-1.7927812	-1.7953103	-1.7972741	-1.7993412	-1.801837	-1.8040305	-1.8058287	-1.8073076	-1.8088298	-1.8096394
0	-0.49643764	-0.46567683	-0.4158336	-0.45890541	-0.56657688	-0.6709118	-0.74188335	-0.78550748	-0.83705919	-0.86051453	-0.86578472	-0.86088209	-0.84750436	-0.8619135	-0.89525006	-0.91137879	-0.93397983	-0.95656369	-0.94996085	-0.93479176	-0.92889032	-0.93123635	-0.9627424	-1.0016448	-1.0334067	-1.0405846	-1.0157795	-1.0040009	-1.0232126	-1.0556572	-1.0643172	-1.058576	-1.0424456	-1.0237406	-1.0225609	-1.0028159	-0.96853059	-0.93908649	-0.90904919	-0.85976805	-0.79942284	-0.73902094	-0.67580801	-0.62736709	-0.58701628	-0.55271797	-0.55119314	-0.53023995	-0.48617972	-0.47364456	-0.41485135	-0.32832833	-0.26247752	-0.16837175	-0.07519328	0.031175684	0.16088104	0.28203782	0.33541498	0.40187097	0.49502128	0.50297369	0.50951774	0.59146839	0.66207671	0.65078799	0.72594818	0.83882847	0.99749624	1.0942981	1.0494102	1.1207824	1.1478948	1.1009812	1.0650163	1.0056185	0.8883034	0.74967498	0.69317247	0.72061055	0.74213188	0.82726889	0.86273967	0.70132965	0.62681738	0.56901977	0.60164628	0.64173883	0.60551985	0.67689614	0.70561352	0.67452714	0.67238058	0.6763653	0.60030141	0.56234307	0.57337292	0.50970881	0.47739761	0.42328349	0.32252276	0.27517833	0.26691703	0.26076351	0.25131617	0.24887257	0.21232234	0.19052398	0.21395227	0.26465659	0.33031671	0.36506409	0.4048622	0.44115949	0.52921264	0.62522216	0.65439774	0.73053377	0.76663011	0.77673427	0.79433905	0.81868944	0.81382114	0.80802567	0.81585395	0.73419824	0.60242734	0.53078909	0.53102265	0.47251696	0.39472643	0.32853276	0.30000089	0.2419076	0.17827055	0.19401703	0.17363555	0.18083432	0.19903724	0.18021048	0.23108327	0.29623527	0.36295236	0.50874422	0.64896316	0.71997683	0.79851533	0.87390846	0.86932312	0.86287639	0.99080312	1.0709648	1.031699	1.070264	1.1156003	1.0562424	1.0054937	0.98980789	0.94316388	0.89676824	0.85085515	0.74263814	0.62429523	0.61981524	0.61150392	0.55999432	0.53988493	0.43140942	0.28338047	0.20182147	0.080720026	-0.020080721	-0.14461432	-0.26079708	-0.36172454	-0.45070685	-0.48175876	-0.4628926	-0.47198437	-0.4743483	-0.46841574	-0.38470017	-0.32507588	-0.27118444	-0.18938398	-0.17471226	-0.20116093	-0.27296727	-0.31345863	-0.27941598	-0.19878106	-0.10757723	0.032901703	0.1161635	0.13173485	0.2786095	0.40229028	0.56375118	0.71036621	0.89232617	1.0245964	1.0927111	1.271787	1.479866	1.4956777	1.5913557	1.7157377	1.7274918	1.7993721	1.8397685	1.7201592	1.6345987	1.6508081	1.5555926	1.5424093	1.605982	1.5424823	1.5425361	1.6269854	1.7488272	1.6653469	1.5111724	1.2928814	1.0835097	0.93872007	0.76466498	0.69740458	0.82129681	0.93944124	0.99621991	1.0622391	1.3223629	1.453732	1.3023623	1.0103961	0.67464978	0.38514223	0.11665074	-0.10316541	-0.31237991	-0.52357659	-0.67397281	-0.83761584	-0.96283565	-1.0620271	-1.1262261	-1.1645256	-1.1743749	-1.1703682	-1.1644262	-1.1565572	-1.172509	-1.2201176	-1.2970226	-1.3878974	-1.497278	-1.5909837	-1.6723677	-1.7307068	-1.7686521	-1.7952432	-1.8123101	-1.8267989	-1.8371562	-1.8439241	-1.8503251	-1.8572827	-1.8622347	-1.8649052	-1.8680614	-1.8717957	-1.8736784	-1.8769406	-1.881068	-1.8842128	-1.8867838	-1.888509	-1.8903836	-1.8932553	-1.8960333	-1.8979991	-1.8998945	-1.9022135	-1.9042587	-1.9059171	-1.9067571
0	-0.47263392	-0.41554604	-0.3599294	-0.43049634	-0.5521319	-0.63162068	-0.73257234	-0.80712043	-0.83723976	-0.85019401	-0.85196445	-0.87200099	-0.89811699	-0.9083046	-0.89120121	-0.88407902	-0.89647653	-0.9021425	-0.90740552	-0.90121095	-0.90061756	-0.9192954	-0.93962113	-0.97651746	-1.0097954	-1.0139757	-1.0058555	-1.0149836	-1.045929	-1.0733367	-1.0714873	-1.0468164	-1.0366613	-1.0307924	-1.0144888	-0.99415527	-0.96097024	-0.92516033	-0.88806801	-0.83999436	-0.80732941	-0.78445698	-0.73812008	-0.68143515	-0.61843946	-0.60401248	-0.61752496	-0.59136095	-0.53030234	-0.46124058	-0.41389883	-0.35599032	-0.30055533	-0.19624379	-0.09074275	0.029952739	0.23113484	0.34483569	0.38607756	0.43568981	0.50224598	0.53968363	0.61366484	0.64003148	0.63845555	0.70767177	0.79180679	0.83790846	0.84673778	0.93130793	0.98438572	1.0583676	1.1459692	1.1713541	1.154566	1.0540989	0.90820367	0.84157986	0.83299915	0.82189406	0.82511544	0.81888341	0.78885389	0.75741198	0.70521177	0.6545998	0.61260047	0.63570136	0.70300728	0.70133315	0.66718479	0.60967896	0.55180224	0.52278651	0.53754731	0.51734345	0.45930591	0.43170704	0.4375249	0.38900123	0.2880274	0.24856151	0.21324233	0.18583769	0.21130484	0.27382211	0.25758466	0.16015534	0.14451994	0.19486531	0.28785805	0.38587277	0.41616037	0.43559459	0.45429014	0.46355961	0.51846355	0.5864159	0.6019458	0.64767862	0.66179923	0.6273798	0.64343831	0.67146162	0.69968378	0.66748264	0.56697288	0.49461765	0.44196797	0.39316647	0.36907872	0.33538876	0.29232276	0.2370298	0.20268761	0.25281751	0.25437666	0.20265961	0.19551172	0.21932625	0.25530104	0.27202286	0.38316011	0.53962925	0.62271261	0.73913479	0.8713141	0.90501813	0.88876404	0.88977647	1.0012632	1.0839288	1.0663648	1.0923872	1.0684638	1.0240022	1.0578957	1.0611455	1.0399073	0.96850508	0.83970149	0.77480213	0.72184284	0.66762426	0.64494417	0.60199868	0.56653126	0.49537119	0.38994915	0.33738968	0.2241682	0.094682343	-0.042346769	-0.16649183	-0.29160861	-0.37002112	-0.36647429	-0.37009172	-0.37858641	-0.36530131	-0.37797787	-0.31348524	-0.24838245	-0.24243961	-0.22057866	-0.1749834	-0.17946204	-0.20658601	-0.21964671	-0.21923944	-0.11562881	-0.026979858	0.058271467	0.1471643	0.22625149	0.33621602	0.43737977	0.59571227	0.72179333	0.94002864	1.1146378	1.1557776	1.1887976	1.3277325	1.4211412	1.5242969	1.668798	1.7295198	1.8017098	1.86089	1.7860929	1.5477396	1.4122075	1.4147878	1.4357519	1.5529586	1.6099687	1.7299962	1.656128	1.5945443	1.6569526	1.5728455	1.4071127	1.0776628	0.90754697	0.8761639	0.79341545	0.71829236	0.78796807	0.91928252	1.0927747	1.261244	1.3039532	1.2005761	0.93950653	0.65318849	0.41482655	0.18550671	-0.060610842	-0.25804498	-0.43530732	-0.60608185	-0.76883537	-0.88465158	-0.98311632	-1.0517926	-1.0842147	-1.0631545	-1.0377205	-1.0146564	-0.9943844	-1.0085935	-1.064991	-1.1585973	-1.2796043	-1.4387757	-1.5678682	-1.681495	-1.7628956	-1.8154152	-1.8526929	-1.876197	-1.8939124	-1.9071039	-1.9171784	-1.9234337	-1.9306779	-1.938138	-1.942255	-1.946914	-1.952573	-1.9557942	-1.9580652	-1.9614649	-1.9655034	-1.9676454	-1.9710757	-1.9746	-1.9767878	-1.9796759	-1.9816956	-1.9842153	-1.987586	-1.9891427	-1.9906587	-1.9923005
